job,schedule,label,rep,n_qubits,exp_val,n_shots,ideal,timestamp
j12_drift_design_long,blocked,A,0,4,0.767578,4096,0.981197,2026-06-21T17:34:22.797484+00:00
j12_drift_design_long,blocked,A,1,4,0.761719,4096,0.981197,2026-06-21T17:34:35.841357+00:00
j12_drift_design_long,blocked,A,2,4,0.737793,4096,0.981197,2026-06-21T17:34:48.895191+00:00
j12_drift_design_long,blocked,A,3,4,0.757324,4096,0.981197,2026-06-21T17:35:01.890302+00:00
j12_drift_design_long,blocked,A,4,4,0.759766,4096,0.981197,2026-06-21T17:35:14.901774+00:00
j12_drift_design_long,blocked,A,5,4,0.763184,4096,0.981197,2026-06-21T17:35:27.903316+00:00
j12_drift_design_long,blocked,A,6,4,0.741211,4096,0.981197,2026-06-21T17:35:38.799055+00:00
j12_drift_design_long,blocked,A,7,4,0.764160,4096,0.981197,2026-06-21T17:35:51.752766+00:00
j12_drift_design_long,blocked,A,8,4,0.764160,4096,0.981197,2026-06-21T17:36:04.831760+00:00
j12_drift_design_long,blocked,A,9,4,0.767578,4096,0.981197,2026-06-21T17:36:17.929309+00:00
j12_drift_design_long,blocked,A,10,4,0.761719,4096,0.981197,2026-06-21T17:36:30.936841+00:00
j12_drift_design_long,blocked,A,11,4,0.761230,4096,0.981197,2026-06-21T17:36:41.810538+00:00
j12_drift_design_long,blocked,A,12,4,0.747559,4096,0.981197,2026-06-21T17:36:57.074974+00:00
j12_drift_design_long,blocked,A,13,4,0.764160,4096,0.981197,2026-06-21T17:37:07.968175+00:00
j12_drift_design_long,blocked,A,14,4,0.758789,4096,0.981197,2026-06-21T17:37:20.858001+00:00
j12_drift_design_long,blocked,A,15,4,0.763672,4096,0.981197,2026-06-21T17:37:33.975033+00:00
j12_drift_design_long,blocked,A,16,4,0.755371,4096,0.981197,2026-06-21T17:37:47.059744+00:00
j12_drift_design_long,blocked,A,17,4,0.744629,4096,0.981197,2026-06-21T17:38:00.115043+00:00
j12_drift_design_long,blocked,A,18,4,0.746582,4096,0.981197,2026-06-21T17:38:13.025842+00:00
j12_drift_design_long,blocked,A,19,4,0.737793,4096,0.981197,2026-06-21T17:38:23.719614+00:00
j12_drift_design_long,blocked,A,20,4,0.753906,4096,0.981197,2026-06-21T17:38:38.840401+00:00
j12_drift_design_long,blocked,A,21,4,0.775391,4096,0.981197,2026-06-21T17:38:49.610828+00:00
j12_drift_design_long,blocked,A,22,4,0.767578,4096,0.981197,2026-06-21T17:39:02.616005+00:00
j12_drift_design_long,blocked,A,23,4,0.751465,4096,0.981197,2026-06-21T17:39:15.600776+00:00
j12_drift_design_long,blocked,A,24,4,0.750488,4096,0.981197,2026-06-21T17:39:28.355988+00:00
j12_drift_design_long,blocked,A,25,4,0.762695,4096,0.981197,2026-06-21T17:39:41.323529+00:00
j12_drift_design_long,blocked,A,26,4,0.754883,4096,0.981197,2026-06-21T17:39:54.132790+00:00
j12_drift_design_long,blocked,A,27,4,0.766602,4096,0.981197,2026-06-21T17:40:07.172085+00:00
j12_drift_design_long,blocked,A,28,4,0.761230,4096,0.981197,2026-06-21T17:40:20.257209+00:00
j12_drift_design_long,blocked,A,29,4,0.750977,4096,0.981197,2026-06-21T17:40:30.962360+00:00
j12_drift_design_long,blocked,A,30,4,0.742188,4096,0.981197,2026-06-21T17:40:43.803416+00:00
j12_drift_design_long,blocked,A,31,4,0.760742,4096,0.981197,2026-06-21T17:40:56.843050+00:00
j12_drift_design_long,blocked,A,32,4,0.754395,4096,0.981197,2026-06-21T17:41:09.896097+00:00
j12_drift_design_long,blocked,A,33,4,0.743652,4096,0.981197,2026-06-21T17:41:22.925250+00:00
j12_drift_design_long,blocked,A,34,4,0.759277,4096,0.981197,2026-06-21T17:41:35.968840+00:00
j12_drift_design_long,blocked,A,35,4,0.743652,4096,0.981197,2026-06-21T17:41:46.780626+00:00
j12_drift_design_long,blocked,A,36,4,0.762207,4096,0.981197,2026-06-21T17:42:02.014119+00:00
j12_drift_design_long,blocked,A,37,4,0.746094,4096,0.981197,2026-06-21T17:42:12.644945+00:00
j12_drift_design_long,blocked,A,38,4,0.757812,4096,0.981197,2026-06-21T17:42:25.674937+00:00
j12_drift_design_long,blocked,A,39,4,0.763184,4096,0.981197,2026-06-21T17:42:38.691262+00:00
j12_drift_design_long,blocked,A,40,4,0.765625,4096,0.981197,2026-06-21T17:42:51.650960+00:00
j12_drift_design_long,blocked,A,41,4,0.787109,4096,0.981197,2026-06-21T17:43:04.737005+00:00
j12_drift_design_long,blocked,A,42,4,0.753906,4096,0.981197,2026-06-21T17:43:17.535164+00:00
j12_drift_design_long,blocked,A,43,4,0.783691,4096,0.981197,2026-06-21T17:43:30.591764+00:00
j12_drift_design_long,blocked,A,44,4,0.761230,4096,0.981197,2026-06-21T17:43:41.380430+00:00
j12_drift_design_long,blocked,A,45,4,0.739746,4096,0.981197,2026-06-21T17:43:54.346252+00:00
j12_drift_design_long,blocked,A,46,4,0.742188,4096,0.981197,2026-06-21T17:44:07.506416+00:00
j12_drift_design_long,blocked,A,47,4,0.758789,4096,0.981197,2026-06-21T17:44:20.596586+00:00
j12_drift_design_long,blocked,A,48,4,0.764648,4096,0.981197,2026-06-21T17:44:35.736074+00:00
j12_drift_design_long,blocked,A,49,4,0.759277,4096,0.981197,2026-06-21T17:44:48.783967+00:00
j12_drift_design_long,blocked,A,50,4,0.769043,4096,0.981197,2026-06-21T17:45:01.794655+00:00
j12_drift_design_long,blocked,A,51,4,0.740723,4096,0.981197,2026-06-21T17:45:14.783444+00:00
j12_drift_design_long,blocked,A,52,4,0.752441,4096,0.981197,2026-06-21T17:45:27.996295+00:00
j12_drift_design_long,blocked,A,53,4,0.759277,4096,0.981197,2026-06-21T17:45:40.809693+00:00
j12_drift_design_long,blocked,A,54,4,0.768066,4096,0.981197,2026-06-21T17:45:51.439860+00:00
j12_drift_design_long,blocked,A,55,4,0.750977,4096,0.981197,2026-06-21T17:46:06.661064+00:00
j12_drift_design_long,blocked,A,56,4,0.749512,4096,0.981197,2026-06-21T17:46:17.409909+00:00
j12_drift_design_long,blocked,A,57,4,0.769043,4096,0.981197,2026-06-21T17:46:30.246804+00:00
j12_drift_design_long,blocked,A,58,4,0.744629,4096,0.981197,2026-06-21T17:46:43.333837+00:00
j12_drift_design_long,blocked,A,59,4,0.768555,4096,0.981197,2026-06-21T17:46:56.249113+00:00
j12_drift_design_long,blocked,B,0,4,0.742188,4096,0.981197,2026-06-21T17:47:09.001106+00:00
j12_drift_design_long,blocked,B,1,4,0.743164,4096,0.981197,2026-06-21T17:47:21.904959+00:00
j12_drift_design_long,blocked,B,2,4,0.751465,4096,0.981197,2026-06-21T17:47:34.756000+00:00
j12_drift_design_long,blocked,B,3,4,0.770020,4096,0.981197,2026-06-21T17:47:47.618086+00:00
j12_drift_design_long,blocked,B,4,4,0.768555,4096,0.981197,2026-06-21T17:48:00.613977+00:00
j12_drift_design_long,blocked,B,5,4,0.774902,4096,0.981197,2026-06-21T17:48:13.391431+00:00
j12_drift_design_long,blocked,B,6,4,0.758789,4096,0.981197,2026-06-21T17:48:24.258816+00:00
j12_drift_design_long,blocked,B,7,4,0.756348,4096,0.981197,2026-06-21T17:48:37.063750+00:00
j12_drift_design_long,blocked,B,8,4,0.750977,4096,0.981197,2026-06-21T17:48:49.795452+00:00
j12_drift_design_long,blocked,B,9,4,0.772949,4096,0.981197,2026-06-21T17:49:02.596912+00:00
j12_drift_design_long,blocked,B,10,4,0.754883,4096,0.981197,2026-06-21T17:49:15.702218+00:00
j12_drift_design_long,blocked,B,11,4,0.775391,4096,0.981197,2026-06-21T17:49:28.635919+00:00
j12_drift_design_long,blocked,B,12,4,0.775391,4096,0.981197,2026-06-21T17:49:41.617358+00:00
j12_drift_design_long,blocked,B,13,4,0.748535,4096,0.981197,2026-06-21T17:49:52.434163+00:00
j12_drift_design_long,blocked,B,14,4,0.738770,4096,0.981197,2026-06-21T17:50:07.600752+00:00
j12_drift_design_long,blocked,B,15,4,0.773438,4096,0.981197,2026-06-21T17:50:20.380815+00:00
j12_drift_design_long,blocked,B,16,4,0.766602,4096,0.981197,2026-06-21T17:50:31.167761+00:00
j12_drift_design_long,blocked,B,17,4,0.746094,4096,0.981197,2026-06-21T17:50:44.199367+00:00
j12_drift_design_long,blocked,B,18,4,0.745117,4096,0.981197,2026-06-21T17:50:57.196480+00:00
j12_drift_design_long,blocked,B,19,4,0.771484,4096,0.981197,2026-06-21T17:51:10.237439+00:00
j12_drift_design_long,blocked,B,20,4,0.732910,4096,0.981197,2026-06-21T17:51:23.335324+00:00
j12_drift_design_long,blocked,B,21,4,0.776367,4096,0.981197,2026-06-21T17:51:34.219814+00:00
j12_drift_design_long,blocked,B,22,4,0.759277,4096,0.981197,2026-06-21T17:51:49.344530+00:00
j12_drift_design_long,blocked,B,23,4,0.770508,4096,0.981197,2026-06-21T17:52:02.220776+00:00
j12_drift_design_long,blocked,B,24,4,0.761719,4096,0.981197,2026-06-21T17:52:15.046700+00:00
j12_drift_design_long,blocked,B,25,4,0.745605,4096,0.981197,2026-06-21T17:52:25.899096+00:00
j12_drift_design_long,blocked,B,26,4,0.774414,4096,0.981197,2026-06-21T17:52:38.627556+00:00
j12_drift_design_long,blocked,B,27,4,0.764160,4096,0.981197,2026-06-21T17:52:51.661465+00:00
j12_drift_design_long,blocked,B,28,4,0.764160,4096,0.981197,2026-06-21T17:53:04.668066+00:00
j12_drift_design_long,blocked,B,29,4,0.761230,4096,0.981197,2026-06-21T17:53:17.602450+00:00
j12_drift_design_long,blocked,B,30,4,0.755371,4096,0.981197,2026-06-21T17:53:30.502523+00:00
j12_drift_design_long,blocked,B,31,4,0.755371,4096,0.981197,2026-06-21T17:53:41.321040+00:00
j12_drift_design_long,blocked,B,32,4,0.746094,4096,0.981197,2026-06-21T17:53:56.165027+00:00
j12_drift_design_long,blocked,B,33,4,0.762695,4096,0.981197,2026-06-21T17:54:06.892098+00:00
j12_drift_design_long,blocked,B,34,4,0.752441,4096,0.981197,2026-06-21T17:54:21.890267+00:00
j12_drift_design_long,blocked,B,35,4,0.764160,4096,0.981197,2026-06-21T17:54:32.593464+00:00
j12_drift_design_long,blocked,B,36,4,0.767090,4096,0.981197,2026-06-21T17:54:45.505219+00:00
j12_drift_design_long,blocked,B,37,4,0.761719,4096,0.981197,2026-06-21T17:54:58.428496+00:00
j12_drift_design_long,blocked,B,38,4,0.758789,4096,0.981197,2026-06-21T17:55:11.312109+00:00
j12_drift_design_long,blocked,B,39,4,0.751465,4096,0.981197,2026-06-21T17:55:24.270090+00:00
j12_drift_design_long,blocked,B,40,4,0.758301,4096,0.981197,2026-06-21T17:55:37.376504+00:00
j12_drift_design_long,blocked,B,41,4,0.739746,4096,0.981197,2026-06-21T17:55:50.407077+00:00
j12_drift_design_long,blocked,B,42,4,0.735840,4096,0.981197,2026-06-21T17:56:03.486985+00:00
j12_drift_design_long,blocked,B,43,4,0.750977,4096,0.981197,2026-06-21T17:56:16.688783+00:00
j12_drift_design_long,blocked,B,44,4,0.749023,4096,0.981197,2026-06-21T17:56:27.656427+00:00
j12_drift_design_long,blocked,B,45,4,0.750977,4096,0.981197,2026-06-21T17:56:40.664543+00:00
j12_drift_design_long,blocked,B,46,4,0.764160,4096,0.981197,2026-06-21T17:56:53.685660+00:00
j12_drift_design_long,blocked,B,47,4,0.762207,4096,0.981197,2026-06-21T17:57:06.677441+00:00
j12_drift_design_long,blocked,B,48,4,0.761719,4096,0.981197,2026-06-21T17:57:19.554336+00:00
j12_drift_design_long,blocked,B,49,4,0.757812,4096,0.981197,2026-06-21T17:57:32.701800+00:00
j12_drift_design_long,blocked,B,50,4,0.735840,4096,0.981197,2026-06-21T17:57:43.585457+00:00
j12_drift_design_long,blocked,B,51,4,0.772461,4096,0.981197,2026-06-21T17:57:56.533718+00:00
j12_drift_design_long,blocked,B,52,4,0.773926,4096,0.981197,2026-06-21T17:58:09.359491+00:00
j12_drift_design_long,blocked,B,53,4,0.747559,4096,0.981197,2026-06-21T17:58:22.126221+00:00
j12_drift_design_long,blocked,B,54,4,0.734863,4096,0.981197,2026-06-21T17:58:35.316301+00:00
j12_drift_design_long,blocked,B,55,4,0.749023,4096,0.981197,2026-06-21T17:58:48.259082+00:00
j12_drift_design_long,blocked,B,56,4,0.756348,4096,0.981197,2026-06-21T17:59:01.332211+00:00
j12_drift_design_long,blocked,B,57,4,0.764648,4096,0.981197,2026-06-21T17:59:14.262616+00:00
j12_drift_design_long,blocked,B,58,4,0.777832,4096,0.981197,2026-06-21T17:59:24.879795+00:00
j12_drift_design_long,blocked,B,59,4,0.758789,4096,0.981197,2026-06-21T17:59:40.076771+00:00
j12_drift_design_long,interleaved,A,0,4,0.745117,4096,0.981197,2026-06-21T17:59:51.017290+00:00
j12_drift_design_long,interleaved,B,0,4,0.767090,4096,0.981197,2026-06-21T18:00:04.174493+00:00
j12_drift_design_long,interleaved,A,1,4,0.736328,4096,0.981197,2026-06-21T18:00:17.151178+00:00
j12_drift_design_long,interleaved,B,1,4,0.737793,4096,0.981197,2026-06-21T18:00:30.254165+00:00
j12_drift_design_long,interleaved,A,2,4,0.765625,4096,0.981197,2026-06-21T18:00:43.095254+00:00
j12_drift_design_long,interleaved,B,2,4,0.757324,4096,0.981197,2026-06-21T18:00:56.073787+00:00
j12_drift_design_long,interleaved,A,3,4,0.743652,4096,0.981197,2026-06-21T18:01:09.061118+00:00
j12_drift_design_long,interleaved,B,3,4,0.750977,4096,0.981197,2026-06-21T18:01:19.966260+00:00
j12_drift_design_long,interleaved,A,4,4,0.750977,4096,0.981197,2026-06-21T18:01:32.911582+00:00
j12_drift_design_long,interleaved,B,4,4,0.758301,4096,0.981197,2026-06-21T18:01:45.964037+00:00
j12_drift_design_long,interleaved,A,5,4,0.761719,4096,0.981197,2026-06-21T18:01:58.826055+00:00
j12_drift_design_long,interleaved,B,5,4,0.753418,4096,0.981197,2026-06-21T18:02:11.589858+00:00
j12_drift_design_long,interleaved,A,6,4,0.758301,4096,0.981197,2026-06-21T18:02:24.607313+00:00
j12_drift_design_long,interleaved,B,6,4,0.750000,4096,0.981197,2026-06-21T18:02:37.640361+00:00
j12_drift_design_long,interleaved,A,7,4,0.778320,4096,0.981197,2026-06-21T18:02:50.732671+00:00
j12_drift_design_long,interleaved,B,7,4,0.761230,4096,0.981197,2026-06-21T18:03:01.579292+00:00
j12_drift_design_long,interleaved,A,8,4,0.755371,4096,0.981197,2026-06-21T18:03:14.550596+00:00
j12_drift_design_long,interleaved,B,8,4,0.761230,4096,0.981197,2026-06-21T18:03:27.505807+00:00
j12_drift_design_long,interleaved,A,9,4,0.761719,4096,0.981197,2026-06-21T18:03:40.473740+00:00
j12_drift_design_long,interleaved,B,9,4,0.755859,4096,0.981197,2026-06-21T18:03:53.519556+00:00
j12_drift_design_long,interleaved,A,10,4,0.762695,4096,0.981197,2026-06-21T18:04:06.633763+00:00
j12_drift_design_long,interleaved,B,10,4,0.758789,4096,0.981197,2026-06-21T18:04:17.542286+00:00
j12_drift_design_long,interleaved,A,11,4,0.770020,4096,0.981197,2026-06-21T18:04:30.553579+00:00
j12_drift_design_long,interleaved,B,11,4,0.757812,4096,0.981197,2026-06-21T18:04:43.653078+00:00
j12_drift_design_long,interleaved,A,12,4,0.770996,4096,0.981197,2026-06-21T18:04:56.698784+00:00
j12_drift_design_long,interleaved,B,12,4,0.753418,4096,0.981197,2026-06-21T18:05:09.772382+00:00
j12_drift_design_long,interleaved,A,13,4,0.753418,4096,0.981197,2026-06-21T18:05:22.659232+00:00
j12_drift_design_long,interleaved,B,13,4,0.761719,4096,0.981197,2026-06-21T18:05:33.498177+00:00
j12_drift_design_long,interleaved,A,14,4,0.761230,4096,0.981197,2026-06-21T18:05:48.782117+00:00
j12_drift_design_long,interleaved,B,14,4,0.766113,4096,0.981197,2026-06-21T18:05:59.744862+00:00
j12_drift_design_long,interleaved,A,15,4,0.754395,4096,0.981197,2026-06-21T18:06:12.894950+00:00
j12_drift_design_long,interleaved,B,15,4,0.759277,4096,0.981197,2026-06-21T18:06:25.642242+00:00
j12_drift_design_long,interleaved,A,16,4,0.761719,4096,0.981197,2026-06-21T18:06:38.415981+00:00
j12_drift_design_long,interleaved,B,16,4,0.765625,4096,0.981197,2026-06-21T18:06:51.260778+00:00
j12_drift_design_long,interleaved,A,17,4,0.753418,4096,0.981197,2026-06-21T18:07:04.366127+00:00
j12_drift_design_long,interleaved,B,17,4,0.776367,4096,0.981197,2026-06-21T18:07:17.378606+00:00
j12_drift_design_long,interleaved,A,18,4,0.755859,4096,0.981197,2026-06-21T18:07:30.433685+00:00
j12_drift_design_long,interleaved,B,18,4,0.753906,4096,0.981197,2026-06-21T18:07:41.147832+00:00
j12_drift_design_long,interleaved,A,19,4,0.766602,4096,0.981197,2026-06-21T18:07:54.114766+00:00
j12_drift_design_long,interleaved,B,19,4,0.769043,4096,0.981197,2026-06-21T18:08:07.129101+00:00
j12_drift_design_long,interleaved,A,20,4,0.761230,4096,0.981197,2026-06-21T18:08:20.252824+00:00
j12_drift_design_long,interleaved,B,20,4,0.757812,4096,0.981197,2026-06-21T18:08:33.288442+00:00
j12_drift_design_long,interleaved,A,21,4,0.774902,4096,0.981197,2026-06-21T18:08:46.105169+00:00
j12_drift_design_long,interleaved,B,21,4,0.753906,4096,0.981197,2026-06-21T18:08:58.913012+00:00
j12_drift_design_long,interleaved,A,22,4,0.762695,4096,0.981197,2026-06-21T18:09:11.834624+00:00
j12_drift_design_long,interleaved,B,22,4,0.765625,4096,0.981197,2026-06-21T18:09:24.724340+00:00
j12_drift_design_long,interleaved,A,23,4,0.753906,4096,0.981197,2026-06-21T18:09:35.458404+00:00
j12_drift_design_long,interleaved,B,23,4,0.765137,4096,0.981197,2026-06-21T18:09:50.420139+00:00
j12_drift_design_long,interleaved,A,24,4,0.762695,4096,0.981197,2026-06-21T18:10:01.334146+00:00
j12_drift_design_long,interleaved,B,24,4,0.754883,4096,0.981197,2026-06-21T18:10:14.187078+00:00
j12_drift_design_long,interleaved,A,25,4,0.764160,4096,0.981197,2026-06-21T18:10:27.029912+00:00
j12_drift_design_long,interleaved,B,25,4,0.772949,4096,0.981197,2026-06-21T18:10:40.063059+00:00
j12_drift_design_long,interleaved,A,26,4,0.751953,4096,0.981197,2026-06-21T18:10:53.046705+00:00
j12_drift_design_long,interleaved,B,26,4,0.773438,4096,0.981197,2026-06-21T18:11:05.981426+00:00
j12_drift_design_long,interleaved,A,27,4,0.764648,4096,0.981197,2026-06-21T18:11:16.793513+00:00
j12_drift_design_long,interleaved,B,27,4,0.750488,4096,0.981197,2026-06-21T18:11:29.790548+00:00
j12_drift_design_long,interleaved,A,28,4,0.763184,4096,0.981197,2026-06-21T18:11:42.783115+00:00
j12_drift_design_long,interleaved,B,28,4,0.757324,4096,0.981197,2026-06-21T18:11:55.623551+00:00
j12_drift_design_long,interleaved,A,29,4,0.747070,4096,0.981197,2026-06-21T18:12:08.485438+00:00
j12_drift_design_long,interleaved,B,29,4,0.746094,4096,0.981197,2026-06-21T18:12:21.413244+00:00
j12_drift_design_long,interleaved,A,30,4,0.766113,4096,0.981197,2026-06-21T18:12:34.419586+00:00
j12_drift_design_long,interleaved,B,30,4,0.757324,4096,0.981197,2026-06-21T18:12:47.290204+00:00
j12_drift_design_long,interleaved,A,31,4,0.757324,4096,0.981197,2026-06-21T18:12:58.057682+00:00
j12_drift_design_long,interleaved,B,31,4,0.773438,4096,0.981197,2026-06-21T18:13:10.857064+00:00
j12_drift_design_long,interleaved,A,32,4,0.751953,4096,0.981197,2026-06-21T18:13:26.078950+00:00
j12_drift_design_long,interleaved,B,32,4,0.753906,4096,0.981197,2026-06-21T18:13:36.894617+00:00
j12_drift_design_long,interleaved,A,33,4,0.765137,4096,0.981197,2026-06-21T18:13:49.751555+00:00
j12_drift_design_long,interleaved,B,33,4,0.755859,4096,0.981197,2026-06-21T18:14:02.835316+00:00
j12_drift_design_long,interleaved,A,34,4,0.777344,4096,0.981197,2026-06-21T18:14:15.873918+00:00
j12_drift_design_long,interleaved,B,34,4,0.770020,4096,0.981197,2026-06-21T18:14:28.618079+00:00
j12_drift_design_long,interleaved,A,35,4,0.755371,4096,0.981197,2026-06-21T18:14:41.414978+00:00
j12_drift_design_long,interleaved,B,35,4,0.755859,4096,0.981197,2026-06-21T18:14:54.423842+00:00
j12_drift_design_long,interleaved,A,36,4,0.750488,4096,0.981197,2026-06-21T18:15:07.264624+00:00
j12_drift_design_long,interleaved,B,36,4,0.752930,4096,0.981197,2026-06-21T18:15:17.952489+00:00
j12_drift_design_long,interleaved,A,37,4,0.757812,4096,0.981197,2026-06-21T18:15:33.159254+00:00
j12_drift_design_long,interleaved,B,37,4,0.754883,4096,0.981197,2026-06-21T18:15:43.971788+00:00
j12_drift_design_long,interleaved,A,38,4,0.765137,4096,0.981197,2026-06-21T18:15:57.059318+00:00
j12_drift_design_long,interleaved,B,38,4,0.765625,4096,0.981197,2026-06-21T18:16:09.935104+00:00
j12_drift_design_long,interleaved,A,39,4,0.754883,4096,0.981197,2026-06-21T18:16:22.751751+00:00
j12_drift_design_long,interleaved,B,39,4,0.769043,4096,0.981197,2026-06-21T18:16:35.607173+00:00
j12_drift_design_long,interleaved,A,40,4,0.748047,4096,0.981197,2026-06-21T18:16:48.590078+00:00
j12_drift_design_long,interleaved,B,40,4,0.754883,4096,0.981197,2026-06-21T18:17:01.342222+00:00
j12_drift_design_long,interleaved,A,41,4,0.749512,4096,0.981197,2026-06-21T18:17:14.338261+00:00
j12_drift_design_long,interleaved,B,41,4,0.768066,4096,0.981197,2026-06-21T18:17:27.071131+00:00
j12_drift_design_long,interleaved,A,42,4,0.764160,4096,0.981197,2026-06-21T18:17:39.788636+00:00
j12_drift_design_long,interleaved,B,42,4,0.762695,4096,0.981197,2026-06-21T18:17:52.634359+00:00
j12_drift_design_long,interleaved,A,43,4,0.747070,4096,0.981197,2026-06-21T18:18:03.602287+00:00
j12_drift_design_long,interleaved,B,43,4,0.771484,4096,0.981197,2026-06-21T18:18:16.615600+00:00
j12_drift_design_long,interleaved,A,44,4,0.750977,4096,0.981197,2026-06-21T18:18:29.647825+00:00
j12_drift_design_long,interleaved,B,44,4,0.765625,4096,0.981197,2026-06-21T18:18:42.774854+00:00
j12_drift_design_long,interleaved,A,45,4,0.769531,4096,0.981197,2026-06-21T18:18:55.718980+00:00
j12_drift_design_long,interleaved,B,45,4,0.773926,4096,0.981197,2026-06-21T18:19:08.765685+00:00
j12_drift_design_long,interleaved,A,46,4,0.762207,4096,0.981197,2026-06-21T18:19:21.921103+00:00
j12_drift_design_long,interleaved,B,46,4,0.761230,4096,0.981197,2026-06-21T18:19:32.839946+00:00
j12_drift_design_long,interleaved,A,47,4,0.765137,4096,0.981197,2026-06-21T18:19:45.913294+00:00
j12_drift_design_long,interleaved,B,47,4,0.742188,4096,0.981197,2026-06-21T18:19:58.956824+00:00
j12_drift_design_long,interleaved,A,48,4,0.776367,4096,0.981197,2026-06-21T18:20:11.896736+00:00
j12_drift_design_long,interleaved,B,48,4,0.748047,4096,0.981197,2026-06-21T18:20:24.899332+00:00
j12_drift_design_long,interleaved,A,49,4,0.766602,4096,0.981197,2026-06-21T18:20:35.833157+00:00
j12_drift_design_long,interleaved,B,49,4,0.766602,4096,0.981197,2026-06-21T18:20:51.042826+00:00
j12_drift_design_long,interleaved,A,50,4,0.757812,4096,0.981197,2026-06-21T18:21:01.785520+00:00
j12_drift_design_long,interleaved,B,50,4,0.761230,4096,0.981197,2026-06-21T18:21:14.765994+00:00
j12_drift_design_long,interleaved,A,51,4,0.763184,4096,0.981197,2026-06-21T18:21:27.660674+00:00
j12_drift_design_long,interleaved,B,51,4,0.760254,4096,0.981197,2026-06-21T18:21:40.614374+00:00
j12_drift_design_long,interleaved,A,52,4,0.743164,4096,0.981197,2026-06-21T18:21:53.676309+00:00
j12_drift_design_long,interleaved,B,52,4,0.769531,4096,0.981197,2026-06-21T18:22:06.708901+00:00
j12_drift_design_long,interleaved,A,53,4,0.745117,4096,0.981197,2026-06-21T18:22:19.534907+00:00
j12_drift_design_long,interleaved,B,53,4,0.774902,4096,0.981197,2026-06-21T18:22:32.360189+00:00
j12_drift_design_long,interleaved,A,54,4,0.758301,4096,0.981197,2026-06-21T18:22:45.229343+00:00
j12_drift_design_long,interleaved,B,54,4,0.767578,4096,0.981197,2026-06-21T18:22:56.001081+00:00
j12_drift_design_long,interleaved,A,55,4,0.758789,4096,0.981197,2026-06-21T18:23:09.140525+00:00
j12_drift_design_long,interleaved,B,55,4,0.766113,4096,0.981197,2026-06-21T18:23:22.150901+00:00
j12_drift_design_long,interleaved,A,56,4,0.765625,4096,0.981197,2026-06-21T18:23:35.254013+00:00
j12_drift_design_long,interleaved,B,56,4,0.770508,4096,0.981197,2026-06-21T18:23:48.247668+00:00
j12_drift_design_long,interleaved,A,57,4,0.780762,4096,0.981197,2026-06-21T18:24:01.178645+00:00
j12_drift_design_long,interleaved,B,57,4,0.751953,4096,0.981197,2026-06-21T18:24:14.199039+00:00
j12_drift_design_long,interleaved,A,58,4,0.749512,4096,0.981197,2026-06-21T18:24:27.241065+00:00
j12_drift_design_long,interleaved,B,58,4,0.759766,4096,0.981197,2026-06-21T18:24:38.104800+00:00
j12_drift_design_long,interleaved,A,59,4,0.756836,4096,0.981197,2026-06-21T18:24:50.984874+00:00
j12_drift_design_long,interleaved,B,59,4,0.756836,4096,0.981197,2026-06-21T18:25:04.053967+00:00
