job,method,backend,rep,scale_factor,n_qubits,exp_val,n_shots,ideal,layout,timestamp,counts
j14_czne_mid,genuine,EQE1,0,1.0,4,0.767090,4096,0.990240,"[8, 9, 10, 11]",2026-06-21T19:26:27.208285+00:00,"{""0000"": 3574, ""1000"": 188, ""0110"": 18, ""0010"": 178, ""0011"": 7, ""0001"": 48, ""0100"": 63, ""1100"": 13, ""1001"": 4, ""1010"": 3}"
j14_czne_mid,genuine,EQE1,0,3.0,4,0.449219,4096,0.990240,"[8, 9, 10, 11]",2026-06-21T19:26:27.208285+00:00,"{""0000"": 2708, ""0010"": 557, ""0100"": 278, ""1000"": 229, ""0001"": 45, ""0011"": 13, ""1010"": 65, ""0110"": 132, ""1100"": 38, ""1110"": 15, ""0101"": 7, ""1011"": 1, ""1001"": 5, ""1101"": 1, ""0111"": 2}"
j14_czne_mid,genuine,EQE1,0,5.0,4,0.142578,4096,0.990240,"[8, 9, 10, 11]",2026-06-21T19:26:27.208285+00:00,"{""0010"": 860, ""0110"": 718, ""0000"": 1329, ""1100"": 86, ""1000"": 234, ""1010"": 175, ""0100"": 526, ""1110"": 106, ""0001"": 16, ""1001"": 5, ""0111"": 12, ""0011"": 19, ""0101"": 8, ""1101"": 1, ""1011"": 1}"
j14_czne_mid,genuine,EQE1,1,1.0,4,0.757812,4096,0.990240,"[8, 9, 10, 11]",2026-06-21T19:26:36.610448+00:00,"{""0000"": 3550, ""0010"": 185, ""0110"": 16, ""0001"": 59, ""1000"": 194, ""1010"": 13, ""0100"": 56, ""0011"": 11, ""1001"": 2, ""1110"": 2, ""1100"": 8}"
j14_czne_mid,genuine,EQE1,1,3.0,4,0.429199,4096,0.990240,"[8, 9, 10, 11]",2026-06-21T19:26:36.610448+00:00,"{""1000"": 254, ""0100"": 324, ""0000"": 2680, ""0010"": 543, ""1010"": 45, ""0110"": 142, ""1100"": 46, ""1110"": 6, ""1001"": 5, ""0001"": 37, ""0111"": 2, ""0101"": 5, ""1101"": 1, ""1011"": 2, ""0011"": 4}"
j14_czne_mid,genuine,EQE1,1,5.0,4,0.137695,4096,0.990240,"[8, 9, 10, 11]",2026-06-21T19:26:36.610448+00:00,"{""0110"": 737, ""1000"": 233, ""0010"": 818, ""0000"": 1329, ""0100"": 581, ""1110"": 94, ""1100"": 96, ""1010"": 138, ""0001"": 24, ""0101"": 11, ""0111"": 12, ""0011"": 15, ""1101"": 2, ""1001"": 3, ""1011"": 2, ""1111"": 1}"
j14_czne_mid,genuine,EQE1,2,1.0,4,0.765625,4096,0.990240,"[8, 9, 10, 11]",2026-06-21T19:26:46.103440+00:00,"{""0000"": 3552, ""0010"": 157, ""1000"": 207, ""0011"": 13, ""1100"": 15, ""0001"": 60, ""1010"": 12, ""1001"": 2, ""0110"": 19, ""0100"": 55, ""0101"": 2, ""1110"": 1, ""1111"": 1}"
j14_czne_mid,genuine,EQE1,2,3.0,4,0.418945,4096,0.990240,"[8, 9, 10, 11]",2026-06-21T19:26:46.103440+00:00,"{""0110"": 145, ""0000"": 2662, ""0010"": 570, ""1000"": 261, ""0100"": 300, ""1001"": 5, ""1110"": 12, ""1010"": 44, ""0001"": 44, ""1100"": 36, ""1111"": 1, ""1101"": 1, ""0011"": 11, ""0111"": 1, ""0101"": 2, ""1011"": 1}"
j14_czne_mid,genuine,EQE1,2,5.0,4,0.126465,4096,0.990240,"[8, 9, 10, 11]",2026-06-21T19:26:46.103440+00:00,"{""0110"": 673, ""0010"": 895, ""0100"": 561, ""0000"": 1349, ""1110"": 107, ""1000"": 200, ""1010"": 155, ""1011"": 2, ""1100"": 102, ""1001"": 4, ""0011"": 13, ""0001"": 9, ""0101"": 8, ""0111"": 11, ""1111"": 3, ""1101"": 4}"
j14_czne_mid,genuine,EQE1,3,1.0,4,0.750977,4096,0.990240,"[8, 9, 10, 11]",2026-06-21T19:26:55.369906+00:00,"{""0000"": 3538, ""0010"": 173, ""1000"": 206, ""0100"": 66, ""0001"": 61, ""0110"": 19, ""1100"": 10, ""1010"": 10, ""1001"": 2, ""0011"": 6, ""1101"": 1, ""1110"": 3, ""0101"": 1}"
j14_czne_mid,genuine,EQE1,3,3.0,4,0.442383,4096,0.990240,"[8, 9, 10, 11]",2026-06-21T19:26:55.369906+00:00,"{""0000"": 2693, ""1000"": 240, ""0010"": 522, ""0100"": 312, ""0110"": 155, ""1100"": 40, ""0111"": 4, ""1010"": 51, ""1110"": 23, ""0001"": 39, ""1111"": 1, ""1011"": 1, ""0101"": 6, ""0011"": 5, ""1001"": 3, ""1101"": 1}"
j14_czne_mid,genuine,EQE1,3,5.0,4,0.109863,4096,0.990240,"[8, 9, 10, 11]",2026-06-21T19:26:55.369906+00:00,"{""0100"": 564, ""0000"": 1324, ""0010"": 907, ""0110"": 668, ""1000"": 208, ""1100"": 106, ""1110"": 112, ""1010"": 146, ""0101"": 10, ""0001"": 16, ""0111"": 13, ""0011"": 14, ""1011"": 2, ""1001"": 2, ""1111"": 3, ""1101"": 1}"
j14_czne_mid,genuine,EQE1,4,1.0,4,0.766113,4096,0.990240,"[8, 9, 10, 11]",2026-06-21T19:27:04.704839+00:00,"{""0000"": 3558, ""0100"": 74, ""0010"": 167, ""1000"": 183, ""0001"": 52, ""1100"": 18, ""0110"": 20, ""0011"": 10, ""1010"": 5, ""0111"": 1, ""0101"": 3, ""1001"": 3, ""1110"": 1, ""1011"": 1}"
j14_czne_mid,genuine,EQE1,4,3.0,4,0.436035,4096,0.990240,"[8, 9, 10, 11]",2026-06-21T19:27:04.704839+00:00,"{""0000"": 2711, ""0010"": 519, ""0110"": 125, ""1100"": 38, ""1000"": 267, ""1010"": 40, ""0100"": 316, ""0001"": 33, ""0101"": 8, ""1110"": 15, ""0111"": 3, ""1001"": 3, ""0011"": 15, ""1101"": 1, ""1111"": 1, ""1011"": 1}"
j14_czne_mid,genuine,EQE1,4,5.0,4,0.127441,4096,0.990240,"[8, 9, 10, 11]",2026-06-21T19:27:04.704839+00:00,"{""0010"": 884, ""1100"": 97, ""0110"": 719, ""0100"": 539, ""0000"": 1317, ""1000"": 201, ""1110"": 124, ""1010"": 152, ""0001"": 23, ""1001"": 1, ""1111"": 3, ""0111"": 13, ""0101"": 4, ""0011"": 16, ""1101"": 2, ""1011"": 1}"
j14_czne_mid,genuine,EQE1,5,1.0,4,0.766602,4096,0.990240,"[8, 9, 10, 11]",2026-06-21T19:27:14.176860+00:00,"{""0000"": 3561, ""0100"": 55, ""1000"": 209, ""0010"": 176, ""0001"": 34, ""1010"": 13, ""1001"": 2, ""1110"": 4, ""1100"": 9, ""0110"": 20, ""0011"": 13}"
j14_czne_mid,genuine,EQE1,5,3.0,4,0.439941,4096,0.990240,"[8, 9, 10, 11]",2026-06-21T19:27:14.176860+00:00,"{""0000"": 2709, ""1000"": 251, ""0100"": 310, ""0010"": 548, ""0110"": 137, ""1110"": 12, ""1100"": 25, ""0001"": 22, ""1010"": 59, ""0011"": 7, ""0101"": 11, ""1101"": 2, ""0111"": 1, ""1011"": 1, ""1001"": 1}"
j14_czne_mid,genuine,EQE1,5,5.0,4,0.121582,4096,0.990240,"[8, 9, 10, 11]",2026-06-21T19:27:14.176860+00:00,"{""0000"": 1324, ""0110"": 717, ""1000"": 257, ""0100"": 549, ""0010"": 839, ""1100"": 103, ""1110"": 124, ""1010"": 127, ""0001"": 19, ""0101"": 19, ""0011"": 6, ""0111"": 8, ""1011"": 2, ""1101"": 1, ""1001"": 1}"
j14_czne_mid,genuine,EQE1,6,1.0,4,0.775879,4096,0.990240,"[8, 9, 10, 11]",2026-06-21T19:27:23.551166+00:00,"{""0000"": 3583, ""1100"": 12, ""1000"": 204, ""0010"": 149, ""0100"": 51, ""0001"": 53, ""0110"": 16, ""1001"": 2, ""1010"": 8, ""0011"": 16, ""1110"": 1, ""1011"": 1}"
j14_czne_mid,genuine,EQE1,6,3.0,4,0.424805,4096,0.990240,"[8, 9, 10, 11]",2026-06-21T19:27:23.551166+00:00,"{""0010"": 552, ""0000"": 2654, ""0100"": 299, ""1000"": 275, ""1110"": 13, ""0110"": 140, ""0001"": 34, ""1010"": 49, ""1100"": 54, ""0101"": 9, ""0011"": 8, ""0111"": 5, ""1001"": 4}"
j14_czne_mid,genuine,EQE1,6,5.0,4,0.117676,4096,0.990240,"[8, 9, 10, 11]",2026-06-21T19:27:23.551166+00:00,"{""0000"": 1333, ""0010"": 910, ""0110"": 679, ""1000"": 234, ""1100"": 102, ""0100"": 526, ""1010"": 145, ""1110"": 108, ""0001"": 14, ""1111"": 4, ""1011"": 3, ""0101"": 15, ""0011"": 7, ""0111"": 10, ""1001"": 4, ""1101"": 2}"
j14_czne_mid,genuine,EQE1,7,1.0,4,0.779785,4096,0.990240,"[8, 9, 10, 11]",2026-06-21T19:27:32.912091+00:00,"{""0000"": 3594, ""1000"": 196, ""0010"": 164, ""1001"": 6, ""0110"": 12, ""0100"": 37, ""0001"": 53, ""1100"": 9, ""0011"": 13, ""1010"": 10, ""1110"": 1, ""0101"": 1}"
j14_czne_mid,genuine,EQE1,7,3.0,4,0.425293,4096,0.990240,"[8, 9, 10, 11]",2026-06-21T19:27:32.912091+00:00,"{""0100"": 317, ""0000"": 2695, ""1000"": 258, ""1100"": 27, ""0010"": 536, ""1110"": 21, ""0110"": 129, ""0011"": 14, ""0001"": 40, ""1010"": 47, ""0111"": 3, ""1001"": 2, ""0101"": 4, ""1101"": 1, ""1111"": 1, ""1011"": 1}"
j14_czne_mid,genuine,EQE1,7,5.0,4,0.136230,4096,0.990240,"[8, 9, 10, 11]",2026-06-21T19:27:32.912091+00:00,"{""0010"": 872, ""0110"": 662, ""0000"": 1369, ""1100"": 125, ""1110"": 105, ""1000"": 235, ""0100"": 530, ""1010"": 137, ""1001"": 3, ""0001"": 14, ""0011"": 21, ""0111"": 10, ""0101"": 8, ""1101"": 2, ""1111"": 2, ""1011"": 1}"
j14_czne_mid,genuine,EQE1,8,1.0,4,0.773438,4096,0.990240,"[8, 9, 10, 11]",2026-06-21T19:27:44.224647+00:00,"{""0000"": 3591, ""0001"": 45, ""0010"": 160, ""1010"": 6, ""1000"": 209, ""0101"": 1, ""0100"": 48, ""0110"": 11, ""0011"": 11, ""1100"": 11, ""1110"": 2, ""1001"": 1}"
j14_czne_mid,genuine,EQE1,8,3.0,4,0.444824,4096,0.990240,"[8, 9, 10, 11]",2026-06-21T19:27:44.224647+00:00,"{""0010"": 513, ""0000"": 2704, ""0100"": 300, ""0110"": 144, ""1000"": 272, ""1001"": 3, ""1010"": 53, ""0001"": 31, ""0101"": 7, ""1100"": 35, ""1110"": 20, ""0011"": 11, ""1111"": 2, ""0111"": 1}"
j14_czne_mid,genuine,EQE1,8,5.0,4,0.150879,4096,0.990240,"[8, 9, 10, 11]",2026-06-21T19:27:44.224647+00:00,"{""0100"": 559, ""0000"": 1349, ""0110"": 737, ""1000"": 198, ""1010"": 131, ""0010"": 826, ""1110"": 120, ""1100"": 116, ""0111"": 16, ""0011"": 14, ""0001"": 18, ""1001"": 5, ""1011"": 1, ""1111"": 3, ""0101"": 2, ""1101"": 1}"
j14_czne_mid,genuine,EQE1,9,1.0,4,0.752930,4096,0.990240,"[8, 9, 10, 11]",2026-06-21T19:27:53.780222+00:00,"{""0000"": 3529, ""0010"": 183, ""1000"": 216, ""1010"": 14, ""1100"": 11, ""0100"": 62, ""0011"": 13, ""0001"": 45, ""0110"": 20, ""0101"": 2, ""1001"": 1}"
j14_czne_mid,genuine,EQE1,9,3.0,4,0.469727,4096,0.990240,"[8, 9, 10, 11]",2026-06-21T19:27:53.780222+00:00,"{""0110"": 131, ""0000"": 2761, ""0100"": 298, ""1000"": 208, ""0010"": 529, ""1010"": 55, ""0001"": 35, ""1100"": 45, ""1110"": 16, ""0011"": 8, ""0101"": 5, ""1001"": 5}"
j14_czne_mid,genuine,EQE1,9,5.0,4,0.143555,4096,0.990240,"[8, 9, 10, 11]",2026-06-21T19:27:53.780222+00:00,"{""1110"": 120, ""0010"": 822, ""1100"": 89, ""0000"": 1361, ""0001"": 14, ""0100"": 580, ""0110"": 720, ""1010"": 153, ""0011"": 8, ""1000"": 204, ""1011"": 4, ""1111"": 2, ""0111"": 9, ""0101"": 6, ""1001"": 3, ""1101"": 1}"
j14_czne_mid,genuine,EQE1,10,1.0,4,0.769531,4096,0.990240,"[8, 9, 10, 11]",2026-06-21T19:28:03.251643+00:00,"{""0000"": 3575, ""1100"": 8, ""0001"": 59, ""0010"": 160, ""1000"": 194, ""1001"": 5, ""0100"": 57, ""0110"": 14, ""0011"": 9, ""1010"": 12, ""1110"": 2, ""0101"": 1}"
j14_czne_mid,genuine,EQE1,10,3.0,4,0.463379,4096,0.990240,"[8, 9, 10, 11]",2026-06-21T19:28:03.251643+00:00,"{""0000"": 2760, ""0100"": 307, ""1000"": 244, ""0010"": 497, ""0110"": 140, ""1001"": 3, ""1010"": 43, ""0011"": 12, ""0001"": 37, ""0101"": 5, ""1100"": 33, ""1110"": 12, ""1111"": 1, ""0111"": 2}"
j14_czne_mid,genuine,EQE1,10,5.0,4,0.116699,4096,0.990240,"[8, 9, 10, 11]",2026-06-21T19:28:03.251643+00:00,"{""0000"": 1331, ""0100"": 548, ""0010"": 879, ""1000"": 244, ""0110"": 671, ""1110"": 110, ""1010"": 138, ""1100"": 128, ""0011"": 6, ""0101"": 8, ""0111"": 9, ""0001"": 13, ""1011"": 3, ""1101"": 3, ""1001"": 4, ""1111"": 1}"
j14_czne_mid,genuine,EQE1,11,1.0,4,0.761230,4096,0.990240,"[8, 9, 10, 11]",2026-06-21T19:28:12.739297+00:00,"{""0000"": 3558, ""1000"": 222, ""0100"": 54, ""0010"": 168, ""1010"": 9, ""0110"": 15, ""0001"": 43, ""0011"": 10, ""1100"": 10, ""1110"": 1, ""1001"": 5, ""1011"": 1}"
j14_czne_mid,genuine,EQE1,11,3.0,4,0.446777,4096,0.990240,"[8, 9, 10, 11]",2026-06-21T19:28:12.739297+00:00,"{""0000"": 2721, ""0100"": 315, ""1000"": 234, ""1010"": 50, ""0010"": 536, ""1100"": 48, ""0110"": 126, ""0011"": 8, ""0001"": 36, ""1001"": 5, ""0101"": 5, ""1110"": 9, ""0111"": 3}"
j14_czne_mid,genuine,EQE1,11,5.0,4,0.132812,4096,0.990240,"[8, 9, 10, 11]",2026-06-21T19:28:12.739297+00:00,"{""0000"": 1377, ""0100"": 585, ""0110"": 691, ""1000"": 229, ""0010"": 821, ""1100"": 110, ""1110"": 104, ""1010"": 119, ""0111"": 7, ""0001"": 21, ""1001"": 3, ""0011"": 15, ""1011"": 4, ""0101"": 5, ""1101"": 5}"
j14_czne_mid,genuine,EQE1,12,1.0,4,0.753906,4096,0.990240,"[8, 9, 10, 11]",2026-06-21T19:28:22.134934+00:00,"{""0000"": 3539, ""1000"": 188, ""0010"": 200, ""0001"": 52, ""0110"": 15, ""0100"": 62, ""1001"": 4, ""1100"": 10, ""1010"": 12, ""0011"": 12, ""1011"": 1, ""0111"": 1}"
j14_czne_mid,genuine,EQE1,12,3.0,4,0.430664,4096,0.990240,"[8, 9, 10, 11]",2026-06-21T19:28:22.134934+00:00,"{""1100"": 36, ""0010"": 518, ""0000"": 2695, ""1000"": 251, ""0110"": 138, ""0011"": 6, ""0100"": 341, ""1010"": 44, ""0111"": 6, ""0001"": 36, ""1110"": 13, ""1001"": 4, ""1101"": 1, ""0101"": 7}"
j14_czne_mid,genuine,EQE1,12,5.0,4,0.160645,4096,0.990240,"[8, 9, 10, 11]",2026-06-21T19:28:22.134934+00:00,"{""0000"": 1369, ""0010"": 823, ""1010"": 171, ""0110"": 715, ""1110"": 85, ""0100"": 563, ""1100"": 94, ""0111"": 13, ""1000"": 213, ""1011"": 1, ""0101"": 9, ""0001"": 19, ""0011"": 15, ""1001"": 3, ""1101"": 2, ""1111"": 1}"
j14_czne_mid,genuine,EQE1,13,1.0,4,0.754395,4096,0.990240,"[8, 9, 10, 11]",2026-06-21T19:28:31.462498+00:00,"{""0000"": 3548, ""0001"": 55, ""0100"": 66, ""0010"": 170, ""1000"": 211, ""0110"": 11, ""0011"": 13, ""1100"": 14, ""1110"": 1, ""1010"": 5, ""1001"": 2}"
j14_czne_mid,genuine,EQE1,13,3.0,4,0.427734,4096,0.990240,"[8, 9, 10, 11]",2026-06-21T19:28:31.462498+00:00,"{""0100"": 310, ""0000"": 2698, ""1000"": 284, ""0010"": 523, ""0001"": 38, ""0110"": 145, ""1010"": 43, ""0101"": 6, ""1100"": 25, ""1110"": 11, ""0111"": 5, ""0011"": 4, ""1101"": 1, ""1001"": 3}"
j14_czne_mid,genuine,EQE1,13,5.0,4,0.163086,4096,0.990240,"[8, 9, 10, 11]",2026-06-21T19:28:31.462498+00:00,"{""0100"": 526, ""0000"": 1403, ""0010"": 855, ""0110"": 707, ""1110"": 89, ""1100"": 90, ""0011"": 16, ""1000"": 214, ""1010"": 148, ""0111"": 8, ""0001"": 22, ""0101"": 10, ""1001"": 7, ""1111"": 1}"
j14_czne_mid,genuine,EQE1,14,1.0,4,0.765625,4096,0.990240,"[8, 9, 10, 11]",2026-06-21T19:28:40.673929+00:00,"{""0000"": 3566, ""0010"": 163, ""1000"": 215, ""0001"": 53, ""1100"": 10, ""0011"": 10, ""0100"": 48, ""1010"": 6, ""0110"": 21, ""1001"": 1, ""0101"": 1, ""1110"": 1, ""1111"": 1}"
j14_czne_mid,genuine,EQE1,14,3.0,4,0.429199,4096,0.990240,"[8, 9, 10, 11]",2026-06-21T19:28:40.673929+00:00,"{""0001"": 32, ""0000"": 2676, ""0110"": 133, ""0100"": 295, ""1010"": 51, ""0010"": 580, ""1000"": 246, ""1100"": 43, ""0011"": 11, ""1110"": 15, ""0101"": 6, ""1001"": 7, ""0111"": 1}"
j14_czne_mid,genuine,EQE1,14,5.0,4,0.126465,4096,0.990240,"[8, 9, 10, 11]",2026-06-21T19:28:40.673929+00:00,"{""0000"": 1324, ""1010"": 141, ""0110"": 714, ""0011"": 14, ""0010"": 841, ""0111"": 8, ""0100"": 593, ""1000"": 218, ""1110"": 109, ""1100"": 103, ""0001"": 17, ""1001"": 4, ""1011"": 1, ""0101"": 6, ""1101"": 2, ""1111"": 1}"
j14_czne_mid,genuine,EQE1,15,1.0,4,0.759766,4096,0.990240,"[8, 9, 10, 11]",2026-06-21T19:28:50.284512+00:00,"{""0000"": 3544, ""0010"": 181, ""0100"": 61, ""0001"": 50, ""1000"": 198, ""0110"": 14, ""0011"": 17, ""1100"": 12, ""1010"": 14, ""1001"": 2, ""1011"": 2, ""0101"": 1}"
j14_czne_mid,genuine,EQE1,15,3.0,4,0.418457,4096,0.990240,"[8, 9, 10, 11]",2026-06-21T19:28:50.284512+00:00,"{""0000"": 2652, ""0010"": 588, ""0110"": 131, ""1000"": 237, ""0100"": 315, ""0011"": 8, ""0001"": 39, ""1010"": 57, ""1100"": 48, ""1001"": 3, ""1110"": 8, ""0101"": 6, ""0111"": 4}"
j14_czne_mid,genuine,EQE1,15,5.0,4,0.134766,4096,0.990240,"[8, 9, 10, 11]",2026-06-21T19:28:50.284512+00:00,"{""0000"": 1380, ""1010"": 129, ""1000"": 203, ""0110"": 689, ""1110"": 109, ""0010"": 889, ""1100"": 96, ""0100"": 538, ""0011"": 14, ""0111"": 15, ""0001"": 15, ""0101"": 12, ""1111"": 3, ""1011"": 3, ""1001"": 1}"
j14_czne_mid,genuine,EQE1,16,1.0,4,0.752441,4096,0.990240,"[8, 9, 10, 11]",2026-06-21T19:28:59.664950+00:00,"{""0000"": 3539, ""0010"": 183, ""0001"": 60, ""0100"": 56, ""1000"": 204, ""0011"": 13, ""0110"": 13, ""1100"": 9, ""1001"": 7, ""1010"": 7, ""0101"": 1, ""1011"": 1, ""1110"": 2, ""1101"": 1}"
j14_czne_mid,genuine,EQE1,16,3.0,4,0.461426,4096,0.990240,"[8, 9, 10, 11]",2026-06-21T19:28:59.664950+00:00,"{""0000"": 2764, ""1000"": 255, ""0100"": 303, ""0110"": 137, ""0010"": 498, ""1010"": 38, ""1100"": 33, ""0101"": 6, ""0001"": 30, ""1110"": 15, ""0011"": 13, ""1001"": 2, ""0111"": 1, ""1101"": 1}"
j14_czne_mid,genuine,EQE1,16,5.0,4,0.131836,4096,0.990240,"[8, 9, 10, 11]",2026-06-21T19:28:59.664950+00:00,"{""0010"": 837, ""0000"": 1381, ""0100"": 562, ""0110"": 671, ""1000"": 239, ""1100"": 96, ""1110"": 107, ""1010"": 140, ""0001"": 15, ""0111"": 14, ""0011"": 13, ""0101"": 12, ""1001"": 4, ""1011"": 2, ""1101"": 2, ""1111"": 1}"
j14_czne_mid,genuine,EQE1,17,1.0,4,0.754883,4096,0.990240,"[8, 9, 10, 11]",2026-06-21T19:29:11.252727+00:00,"{""0000"": 3545, ""0010"": 198, ""1000"": 191, ""0001"": 52, ""0100"": 55, ""1110"": 2, ""0110"": 15, ""0011"": 17, ""1100"": 7, ""1010"": 7, ""1001"": 2, ""1011"": 1, ""0101"": 1, ""0111"": 3}"
j14_czne_mid,genuine,EQE1,17,3.0,4,0.437988,4096,0.990240,"[8, 9, 10, 11]",2026-06-21T19:29:11.252727+00:00,"{""0000"": 2706, ""0100"": 292, ""0001"": 49, ""1000"": 276, ""0010"": 513, ""1110"": 16, ""0110"": 139, ""1010"": 48, ""0101"": 3, ""0011"": 8, ""1100"": 35, ""1111"": 1, ""1001"": 5, ""1011"": 2, ""0111"": 3}"
j14_czne_mid,genuine,EQE1,17,5.0,4,0.142090,4096,0.990240,"[8, 9, 10, 11]",2026-06-21T19:29:11.252727+00:00,"{""0110"": 683, ""0100"": 561, ""0010"": 872, ""0000"": 1379, ""1110"": 110, ""1000"": 191, ""1100"": 96, ""1010"": 158, ""0101"": 9, ""0001"": 15, ""0111"": 5, ""1001"": 1, ""0011"": 11, ""1111"": 2, ""1011"": 2, ""1101"": 1}"
j14_czne_mid,genuine,EQE1,18,1.0,4,0.773438,4096,0.990240,"[8, 9, 10, 11]",2026-06-21T19:29:22.797775+00:00,"{""0000"": 3580, ""0110"": 20, ""0010"": 163, ""1000"": 188, ""0100"": 55, ""0001"": 55, ""0011"": 11, ""1010"": 9, ""1110"": 1, ""1100"": 9, ""1101"": 1, ""1001"": 2, ""0101"": 1, ""0111"": 1}"
j14_czne_mid,genuine,EQE1,18,3.0,4,0.437012,4096,0.990240,"[8, 9, 10, 11]",2026-06-21T19:29:22.797775+00:00,"{""0000"": 2681, ""1000"": 251, ""0010"": 552, ""0110"": 154, ""0100"": 315, ""1100"": 49, ""1010"": 44, ""0001"": 19, ""1110"": 12, ""0011"": 6, ""0101"": 6, ""0111"": 3, ""1101"": 1, ""1001"": 3}"
j14_czne_mid,genuine,EQE1,18,5.0,4,0.110352,4096,0.990240,"[8, 9, 10, 11]",2026-06-21T19:29:22.797775+00:00,"{""0000"": 1314, ""0110"": 674, ""1000"": 212, ""0100"": 594, ""0010"": 867, ""1100"": 126, ""1110"": 115, ""1010"": 137, ""0101"": 8, ""1111"": 2, ""0001"": 16, ""0011"": 10, ""0111"": 17, ""1001"": 3, ""1011"": 1}"
j14_czne_mid,genuine,EQE1,19,1.0,4,0.777344,4096,0.990240,"[8, 9, 10, 11]",2026-06-21T19:29:32.256671+00:00,"{""1000"": 178, ""0000"": 3585, ""0100"": 54, ""0010"": 171, ""0011"": 11, ""1100"": 11, ""0001"": 50, ""0110"": 20, ""1001"": 5, ""1110"": 3, ""1010"": 7, ""0101"": 1}"
j14_czne_mid,genuine,EQE1,19,3.0,4,0.450195,4096,0.990240,"[8, 9, 10, 11]",2026-06-21T19:29:32.256671+00:00,"{""0000"": 2714, ""1010"": 53, ""0010"": 548, ""0110"": 152, ""0100"": 323, ""1000"": 211, ""1100"": 34, ""0001"": 31, ""0011"": 8, ""1110"": 10, ""0101"": 5, ""1001"": 4, ""1101"": 1, ""0111"": 1, ""1011"": 1}"
j14_czne_mid,genuine,EQE1,19,5.0,4,0.170410,4096,0.990240,"[8, 9, 10, 11]",2026-06-21T19:29:32.256671+00:00,"{""0000"": 1400, ""0010"": 826, ""1000"": 209, ""0110"": 718, ""0100"": 518, ""0001"": 17, ""1100"": 106, ""1110"": 114, ""1010"": 144, ""0101"": 10, ""0111"": 10, ""0011"": 16, ""1001"": 2, ""1101"": 2, ""1011"": 3, ""1111"": 1}"
j14_czne_mid,genuine,EQE1,20,1.0,4,0.760254,4096,0.990240,"[8, 9, 10, 11]",2026-06-21T19:29:41.606430+00:00,"{""0010"": 175, ""0000"": 3550, ""1000"": 209, ""0001"": 51, ""1001"": 2, ""1100"": 12, ""0110"": 12, ""0100"": 53, ""0011"": 10, ""1110"": 1, ""1010"": 15, ""0101"": 4, ""0111"": 1, ""1101"": 1}"
j14_czne_mid,genuine,EQE1,20,3.0,4,0.410645,4096,0.990240,"[8, 9, 10, 11]",2026-06-21T19:29:41.606430+00:00,"{""0000"": 2636, ""1000"": 279, ""0010"": 560, ""0100"": 319, ""0110"": 130, ""1010"": 55, ""0011"": 11, ""1100"": 44, ""0001"": 28, ""1110"": 20, ""0101"": 5, ""1001"": 5, ""1111"": 3, ""0111"": 1}"
j14_czne_mid,genuine,EQE1,20,5.0,4,0.125977,4096,0.990240,"[8, 9, 10, 11]",2026-06-21T19:29:41.606430+00:00,"{""0010"": 900, ""0000"": 1317, ""1110"": 97, ""0110"": 720, ""0100"": 530, ""1000"": 223, ""0111"": 13, ""0101"": 7, ""1100"": 112, ""1010"": 134, ""0001"": 24, ""0011"": 13, ""1101"": 2, ""1001"": 3, ""1011"": 1}"
j14_czne_mid,genuine,EQE1,21,1.0,4,0.758301,4096,0.990240,"[8, 9, 10, 11]",2026-06-21T19:29:50.931791+00:00,"{""0000"": 3558, ""0001"": 60, ""1000"": 197, ""0010"": 175, ""0110"": 11, ""0100"": 59, ""0011"": 8, ""1110"": 4, ""1010"": 8, ""1100"": 13, ""1001"": 2, ""0101"": 1}"
j14_czne_mid,genuine,EQE1,21,3.0,4,0.428711,4096,0.990240,"[8, 9, 10, 11]",2026-06-21T19:29:50.931791+00:00,"{""0000"": 2692, ""1000"": 247, ""0010"": 570, ""0100"": 296, ""0110"": 123, ""1100"": 41, ""1010"": 53, ""0001"": 39, ""0101"": 5, ""0011"": 9, ""1110"": 13, ""1001"": 3, ""0111"": 4, ""1101"": 1}"
j14_czne_mid,genuine,EQE1,21,5.0,4,0.124512,4096,0.990240,"[8, 9, 10, 11]",2026-06-21T19:29:50.931791+00:00,"{""1110"": 123, ""0010"": 850, ""0000"": 1357, ""1010"": 150, ""0110"": 682, ""0100"": 561, ""1000"": 231, ""1100"": 92, ""0111"": 6, ""0001"": 21, ""0011"": 12, ""1111"": 1, ""0101"": 8, ""1001"": 1, ""1011"": 1}"
j14_czne_mid,genuine,EQE1,22,1.0,4,0.786621,4096,0.990240,"[8, 9, 10, 11]",2026-06-21T19:30:00.479820+00:00,"{""0000"": 3596, ""0010"": 135, ""0001"": 47, ""1000"": 200, ""0100"": 51, ""1100"": 16, ""1010"": 9, ""0011"": 18, ""0110"": 18, ""1011"": 2, ""1110"": 2, ""1001"": 1, ""0101"": 1}"
j14_czne_mid,genuine,EQE1,22,3.0,4,0.441895,4096,0.990240,"[8, 9, 10, 11]",2026-06-21T19:30:00.479820+00:00,"{""0000"": 2734, ""0100"": 295, ""1000"": 237, ""0010"": 559, ""0110"": 131, ""0001"": 32, ""1110"": 18, ""1010"": 36, ""1100"": 31, ""1001"": 2, ""1011"": 1, ""0101"": 5, ""0011"": 13, ""1111"": 1, ""1101"": 1}"
j14_czne_mid,genuine,EQE1,22,5.0,4,0.128906,4096,0.990240,"[8, 9, 10, 11]",2026-06-21T19:30:00.479820+00:00,"{""0100"": 582, ""0000"": 1353, ""0010"": 833, ""0110"": 712, ""1000"": 240, ""1110"": 102, ""1100"": 92, ""1010"": 129, ""0001"": 15, ""1011"": 1, ""0111"": 9, ""1001"": 8, ""0101"": 5, ""0011"": 11, ""1101"": 2, ""1111"": 2}"
j14_czne_mid,genuine,EQE1,23,1.0,4,0.760254,4096,0.990240,"[8, 9, 10, 11]",2026-06-21T19:30:12.060492+00:00,"{""0000"": 3554, ""0100"": 63, ""1000"": 222, ""0110"": 17, ""0011"": 8, ""0001"": 54, ""0010"": 151, ""1100"": 9, ""1010"": 13, ""1110"": 1, ""0101"": 2, ""1001"": 2}"
j14_czne_mid,genuine,EQE1,23,3.0,4,0.427734,4096,0.990240,"[8, 9, 10, 11]",2026-06-21T19:30:12.060492+00:00,"{""0000"": 2681, ""0100"": 323, ""0010"": 538, ""0110"": 116, ""1000"": 256, ""1010"": 60, ""1100"": 48, ""0001"": 38, ""0101"": 3, ""0011"": 10, ""1001"": 5, ""1111"": 1, ""1110"": 15, ""1011"": 1, ""0111"": 1}"
j14_czne_mid,genuine,EQE1,23,5.0,4,0.124512,4096,0.990240,"[8, 9, 10, 11]",2026-06-21T19:30:12.060492+00:00,"{""0000"": 1325, ""0010"": 877, ""0100"": 554, ""0110"": 703, ""1100"": 112, ""1000"": 219, ""1010"": 133, ""0101"": 12, ""1110"": 114, ""1011"": 2, ""0111"": 11, ""0011"": 15, ""1111"": 1, ""0001"": 12, ""1101"": 4, ""1001"": 2}"
j14_czne_mid,genuine,EQE1,24,1.0,4,0.771973,4096,0.990240,"[8, 9, 10, 11]",2026-06-21T19:30:23.115970+00:00,"{""0000"": 3576, ""0100"": 46, ""0010"": 163, ""1010"": 10, ""1000"": 204, ""0110"": 13, ""0001"": 54, ""1100"": 14, ""0011"": 15, ""1001"": 1}"
j14_czne_mid,genuine,EQE1,24,3.0,4,0.452148,4096,0.990240,"[8, 9, 10, 11]",2026-06-21T19:30:23.115970+00:00,"{""0000"": 2725, ""1000"": 207, ""0100"": 317, ""0010"": 544, ""0110"": 128, ""1110"": 6, ""1010"": 61, ""0001"": 43, ""1100"": 35, ""1011"": 1, ""0101"": 9, ""1111"": 2, ""0011"": 8, ""1001"": 6, ""1101"": 1, ""0111"": 3}"
j14_czne_mid,genuine,EQE1,24,5.0,4,0.157227,4096,0.990240,"[8, 9, 10, 11]",2026-06-21T19:30:23.115970+00:00,"{""0000"": 1375, ""0010"": 850, ""1000"": 211, ""0100"": 545, ""0110"": 729, ""1110"": 99, ""1010"": 133, ""1100"": 107, ""0111"": 8, ""0101"": 13, ""0011"": 11, ""0001"": 11, ""1111"": 2, ""1101"": 2}"
j14_czne_mid,genuine,EQE1,25,1.0,4,0.751465,4096,0.990240,"[8, 9, 10, 11]",2026-06-21T19:30:32.190089+00:00,"{""1000"": 237, ""0000"": 3543, ""0001"": 54, ""0100"": 59, ""0010"": 154, ""1010"": 10, ""0011"": 10, ""1100"": 8, ""0110"": 13, ""1110"": 5, ""1001"": 2, ""0101"": 1}"
j14_czne_mid,genuine,EQE1,25,3.0,4,0.424805,4096,0.990240,"[8, 9, 10, 11]",2026-06-21T19:30:32.190089+00:00,"{""0000"": 2691, ""0100"": 335, ""1000"": 244, ""1110"": 14, ""0010"": 551, ""0001"": 31, ""1100"": 44, ""0110"": 106, ""1010"": 56, ""0011"": 11, ""1001"": 2, ""0101"": 8, ""1101"": 2, ""1011"": 1}"
j14_czne_mid,genuine,EQE1,25,5.0,4,0.123535,4096,0.990240,"[8, 9, 10, 11]",2026-06-21T19:30:32.190089+00:00,"{""0010"": 902, ""0000"": 1341, ""1010"": 145, ""0110"": 703, ""1100"": 87, ""0100"": 551, ""1000"": 227, ""1110"": 88, ""0001"": 18, ""0111"": 9, ""0101"": 11, ""0011"": 10, ""1001"": 3, ""1111"": 1}"
j14_czne_mid,genuine,EQE1,26,1.0,4,0.754395,4096,0.990240,"[8, 9, 10, 11]",2026-06-21T19:30:41.641495+00:00,"{""0000"": 3532, ""0010"": 150, ""0100"": 64, ""1000"": 230, ""0001"": 57, ""0110"": 16, ""1100"": 17, ""1010"": 14, ""0011"": 13, ""1001"": 1, ""1011"": 1, ""1110"": 1}"
j14_czne_mid,genuine,EQE1,26,3.0,4,0.451172,4096,0.990240,"[8, 9, 10, 11]",2026-06-21T19:30:41.641495+00:00,"{""0000"": 2729, ""0010"": 539, ""0110"": 129, ""1000"": 252, ""0100"": 282, ""1100"": 39, ""1010"": 55, ""0011"": 12, ""0001"": 36, ""0101"": 8, ""1011"": 1, ""1101"": 2, ""1110"": 10, ""0111"": 2}"
j14_czne_mid,genuine,EQE1,26,5.0,4,0.131348,4096,0.990240,"[8, 9, 10, 11]",2026-06-21T19:30:41.641495+00:00,"{""0100"": 528, ""0110"": 675, ""0000"": 1369, ""1000"": 223, ""0010"": 885, ""1100"": 92, ""1110"": 107, ""1010"": 155, ""0011"": 11, ""0111"": 13, ""0001"": 20, ""1001"": 5, ""0101"": 10, ""1011"": 2, ""1101"": 1}"
j14_czne_mid,genuine,EQE1,27,1.0,4,0.763184,4096,0.990240,"[8, 9, 10, 11]",2026-06-21T19:30:50.909689+00:00,"{""0000"": 3563, ""1000"": 206, ""0110"": 21, ""0010"": 165, ""0100"": 55, ""1100"": 9, ""0001"": 58, ""1010"": 8, ""0011"": 7, ""0101"": 1, ""1001"": 2, ""0111"": 1}"
j14_czne_mid,genuine,EQE1,27,3.0,4,0.418945,4096,0.990240,"[8, 9, 10, 11]",2026-06-21T19:30:50.909689+00:00,"{""0000"": 2704, ""0010"": 585, ""0100"": 309, ""0110"": 112, ""1000"": 248, ""0011"": 12, ""0001"": 32, ""1010"": 41, ""1110"": 12, ""1100"": 30, ""1001"": 3, ""0101"": 4, ""0111"": 2, ""1011"": 1, ""1101"": 1}"
j14_czne_mid,genuine,EQE1,27,5.0,4,0.131836,4096,0.990240,"[8, 9, 10, 11]",2026-06-21T19:30:50.909689+00:00,"{""0100"": 541, ""0110"": 684, ""0010"": 866, ""0000"": 1361, ""1010"": 152, ""1100"": 108, ""1000"": 228, ""1001"": 2, ""1110"": 116, ""1101"": 4, ""1011"": 3, ""0001"": 13, ""0111"": 7, ""1111"": 2, ""0101"": 4, ""0011"": 5}"
j14_czne_mid,genuine,EQE1,28,1.0,4,0.769531,4096,0.990240,"[8, 9, 10, 11]",2026-06-21T19:31:00.255385+00:00,"{""0000"": 3575, ""1000"": 192, ""1100"": 9, ""0010"": 166, ""0011"": 9, ""0100"": 64, ""0001"": 47, ""1010"": 8, ""1110"": 2, ""0110"": 19, ""1001"": 4, ""0111"": 1}"
j14_czne_mid,genuine,EQE1,28,3.0,4,0.452148,4096,0.990240,"[8, 9, 10, 11]",2026-06-21T19:31:00.255385+00:00,"{""0000"": 2735, ""0110"": 136, ""0010"": 517, ""0101"": 4, ""1000"": 261, ""1110"": 8, ""0100"": 307, ""1010"": 44, ""0011"": 9, ""0001"": 24, ""1100"": 39, ""1001"": 6, ""0111"": 3, ""1011"": 2, ""1111"": 1}"
j14_czne_mid,genuine,EQE1,28,5.0,4,0.146484,4096,0.990240,"[8, 9, 10, 11]",2026-06-21T19:31:00.255385+00:00,"{""0010"": 847, ""0110"": 720, ""0100"": 544, ""0000"": 1355, ""1000"": 230, ""1100"": 86, ""1010"": 160, ""1110"": 93, ""0101"": 10, ""0011"": 15, ""0001"": 17, ""0111"": 11, ""1011"": 5, ""1101"": 1, ""1111"": 2}"
j14_czne_mid,genuine,EQE1,29,1.0,4,0.745605,4096,0.990240,"[8, 9, 10, 11]",2026-06-21T19:31:11.709114+00:00,"{""0000"": 3527, ""1000"": 208, ""0100"": 63, ""0010"": 191, ""1010"": 8, ""0110"": 18, ""0001"": 55, ""0011"": 11, ""1100"": 10, ""1011"": 2, ""1110"": 1, ""0111"": 1, ""1001"": 1}"
j14_czne_mid,genuine,EQE1,29,3.0,4,0.438477,4096,0.990240,"[8, 9, 10, 11]",2026-06-21T19:31:11.709114+00:00,"{""0000"": 2695, ""0010"": 516, ""0110"": 143, ""0001"": 39, ""1000"": 235, ""1100"": 46, ""0100"": 337, ""1010"": 47, ""1110"": 17, ""0011"": 8, ""1001"": 4, ""1101"": 2, ""0101"": 3, ""0111"": 3, ""1011"": 1}"
j14_czne_mid,genuine,EQE1,29,5.0,4,0.128418,4096,0.990240,"[8, 9, 10, 11]",2026-06-21T19:31:11.709114+00:00,"{""0000"": 1296, ""0100"": 574, ""1100"": 115, ""0010"": 871, ""1010"": 116, ""0110"": 756, ""1000"": 221, ""1110"": 93, ""0001"": 19, ""0011"": 14, ""1001"": 2, ""0111"": 6, ""0101"": 12, ""1011"": 1}"
j14_czne_mid,garbage,EQE1,0,1.0,4,0.748535,4096,0.990240,"[8, 9, 10, 11]",2026-06-21T19:31:23.201795+00:00,"{""0000"": 3544, ""0001"": 64, ""0010"": 196, ""1000"": 185, ""0011"": 8, ""0100"": 65, ""0110"": 11, ""0101"": 2, ""1100"": 8, ""1110"": 3, ""1010"": 6, ""0111"": 1, ""1001"": 2, ""1011"": 1}"
j14_czne_mid,garbage,EQE1,0,3.0,4,0.026367,4096,0.990240,"[8, 9, 10, 11]",2026-06-21T19:31:23.201795+00:00,"{""0110"": 740, ""0101"": 745, ""1110"": 172, ""1101"": 168, ""0111"": 478, ""0000"": 162, ""0100"": 879, ""0001"": 154, ""1001"": 54, ""1000"": 40, ""0011"": 64, ""1111"": 102, ""1011"": 22, ""1100"": 208, ""0010"": 81, ""1010"": 27}"
j14_czne_mid,garbage,EQE1,0,5.0,4,-0.012207,4096,0.990240,"[8, 9, 10, 11]",2026-06-21T19:31:23.201795+00:00,"{""1111"": 182, ""0100"": 622, ""0110"": 406, ""0011"": 158, ""1000"": 194, ""1100"": 452, ""0101"": 341, ""0111"": 224, ""0000"": 223, ""0010"": 309, ""0001"": 111, ""1010"": 172, ""1110"": 273, ""1101"": 245, ""1011"": 95, ""1001"": 89}"
j14_czne_mid,garbage,EQE1,1,1.0,4,0.766113,4096,0.990240,"[8, 9, 10, 11]",2026-06-21T19:31:32.459658+00:00,"{""0000"": 3571, ""1000"": 196, ""0001"": 41, ""1110"": 1, ""0110"": 17, ""0100"": 81, ""0010"": 160, ""1100"": 11, ""0011"": 9, ""1010"": 6, ""0101"": 2, ""1001"": 1}"
j14_czne_mid,garbage,EQE1,1,3.0,4,0.040039,4096,0.990240,"[8, 9, 10, 11]",2026-06-21T19:31:32.459658+00:00,"{""0101"": 730, ""0100"": 906, ""1101"": 154, ""0000"": 177, ""0110"": 832, ""0111"": 461, ""0001"": 131, ""1100"": 170, ""1010"": 33, ""1110"": 167, ""1000"": 51, ""0010"": 74, ""1111"": 99, ""1001"": 45, ""1011"": 22, ""0011"": 44}"
j14_czne_mid,garbage,EQE1,1,5.0,4,-0.025879,4096,0.990240,"[8, 9, 10, 11]",2026-06-21T19:31:32.459658+00:00,"{""0101"": 316, ""1000"": 190, ""0001"": 112, ""0100"": 618, ""1110"": 277, ""1010"": 175, ""1100"": 473, ""1011"": 99, ""1111"": 167, ""0111"": 201, ""1001"": 88, ""0010"": 346, ""0000"": 230, ""0110"": 399, ""1101"": 258, ""0011"": 147}"
j14_czne_mid,garbage,EQE1,2,1.0,4,0.741699,4096,0.990240,"[8, 9, 10, 11]",2026-06-21T19:31:43.901524+00:00,"{""0000"": 3516, ""1000"": 221, ""0010"": 176, ""0100"": 68, ""0001"": 55, ""0110"": 12, ""0011"": 11, ""1100"": 11, ""1001"": 3, ""1110"": 6, ""1010"": 10, ""0101"": 4, ""1011"": 2, ""1101"": 1}"
j14_czne_mid,garbage,EQE1,2,3.0,4,0.025391,4096,0.990240,"[8, 9, 10, 11]",2026-06-21T19:31:43.901524+00:00,"{""0100"": 928, ""0101"": 775, ""0110"": 736, ""0111"": 488, ""1101"": 136, ""0001"": 143, ""1111"": 92, ""1110"": 166, ""1100"": 186, ""0000"": 178, ""1010"": 31, ""0010"": 75, ""1001"": 40, ""1011"": 15, ""0011"": 62, ""1000"": 45}"
j14_czne_mid,garbage,EQE1,2,5.0,4,-0.016113,4096,0.990240,"[8, 9, 10, 11]",2026-06-21T19:31:43.901524+00:00,"{""1010"": 155, ""1100"": 487, ""1000"": 173, ""0100"": 663, ""0000"": 259, ""1101"": 248, ""0111"": 211, ""0110"": 396, ""0011"": 160, ""0010"": 307, ""1011"": 83, ""0101"": 324, ""0001"": 104, ""1110"": 292, ""1001"": 84, ""1111"": 150}"
j14_czne_mid,garbage,EQE1,3,1.0,4,0.756836,4096,0.990240,"[8, 9, 10, 11]",2026-06-21T19:31:55.549930+00:00,"{""0010"": 170, ""0000"": 3541, ""1000"": 202, ""0001"": 59, ""1100"": 10, ""0011"": 15, ""1010"": 16, ""1001"": 4, ""0100"": 61, ""0111"": 2, ""1110"": 3, ""0110"": 11, ""0101"": 1, ""1011"": 1}"
j14_czne_mid,garbage,EQE1,3,3.0,4,0.041992,4096,0.990240,"[8, 9, 10, 11]",2026-06-21T19:31:55.549930+00:00,"{""0110"": 780, ""0100"": 901, ""0101"": 779, ""0011"": 63, ""0111"": 458, ""0000"": 162, ""1110"": 153, ""1000"": 40, ""1101"": 146, ""0010"": 77, ""0001"": 165, ""1100"": 179, ""1111"": 109, ""1001"": 31, ""1010"": 31, ""1011"": 22}"
j14_czne_mid,garbage,EQE1,3,5.0,4,0.005371,4096,0.990240,"[8, 9, 10, 11]",2026-06-21T19:31:55.549930+00:00,"{""0100"": 622, ""1100"": 503, ""1011"": 87, ""0110"": 394, ""0000"": 260, ""1000"": 186, ""1101"": 251, ""1010"": 157, ""1111"": 139, ""1001"": 108, ""0101"": 345, ""0111"": 227, ""1110"": 268, ""0010"": 277, ""0001"": 119, ""0011"": 153}"
j14_czne_mid,garbage,EQE1,4,1.0,4,0.755371,4096,0.990240,"[8, 9, 10, 11]",2026-06-21T19:32:04.823514+00:00,"{""0000"": 3534, ""0100"": 57, ""0011"": 12, ""0010"": 185, ""0110"": 27, ""1000"": 210, ""0001"": 45, ""0101"": 3, ""1100"": 11, ""1011"": 1, ""1001"": 1, ""1110"": 2, ""1010"": 7, ""0111"": 1}"
j14_czne_mid,garbage,EQE1,4,3.0,4,0.058594,4096,0.990240,"[8, 9, 10, 11]",2026-06-21T19:32:04.823514+00:00,"{""0101"": 775, ""0001"": 154, ""1100"": 190, ""0100"": 923, ""1110"": 123, ""0111"": 461, ""1010"": 26, ""0110"": 780, ""0000"": 181, ""1111"": 86, ""1101"": 139, ""1001"": 62, ""0011"": 68, ""0010"": 66, ""1011"": 26, ""1000"": 36}"
j14_czne_mid,garbage,EQE1,4,5.0,4,-0.029785,4096,0.990240,"[8, 9, 10, 11]",2026-06-21T19:32:04.823514+00:00,"{""0110"": 391, ""1111"": 145, ""1110"": 291, ""0101"": 329, ""1100"": 460, ""1010"": 171, ""0000"": 233, ""0010"": 319, ""0100"": 634, ""0011"": 180, ""1001"": 78, ""1101"": 257, ""1000"": 201, ""1011"": 84, ""0111"": 214, ""0001"": 109}"
j14_czne_mid,garbage,EQE1,5,1.0,4,0.773438,4096,0.990240,"[8, 9, 10, 11]",2026-06-21T19:32:14.052933+00:00,"{""0000"": 3583, ""0100"": 67, ""1000"": 172, ""1100"": 15, ""0010"": 169, ""0001"": 53, ""0110"": 11, ""0111"": 2, ""0011"": 14, ""1001"": 1, ""1010"": 8, ""1110"": 1}"
j14_czne_mid,garbage,EQE1,5,3.0,4,0.030762,4096,0.990240,"[8, 9, 10, 11]",2026-06-21T19:32:14.052933+00:00,"{""1010"": 24, ""0000"": 169, ""1111"": 105, ""0101"": 761, ""1100"": 183, ""0111"": 444, ""0100"": 921, ""0110"": 754, ""1110"": 154, ""0011"": 60, ""0010"": 71, ""1101"": 145, ""0001"": 169, ""1001"": 55, ""1000"": 56, ""1011"": 25}"
j14_czne_mid,garbage,EQE1,5,5.0,4,-0.025391,4096,0.990240,"[8, 9, 10, 11]",2026-06-21T19:32:14.052933+00:00,"{""0001"": 135, ""1100"": 443, ""0100"": 610, ""0110"": 373, ""0101"": 350, ""0010"": 300, ""1111"": 173, ""1110"": 291, ""1000"": 207, ""1101"": 253, ""0000"": 241, ""1010"": 174, ""1011"": 92, ""0111"": 212, ""0011"": 150, ""1001"": 92}"
j14_czne_mid,garbage,EQE1,6,1.0,4,0.751465,4096,0.990240,"[8, 9, 10, 11]",2026-06-21T19:32:23.370934+00:00,"{""0000"": 3523, ""0010"": 166, ""1000"": 220, ""0100"": 75, ""0101"": 3, ""0001"": 46, ""0110"": 22, ""1010"": 15, ""0011"": 11, ""1100"": 12, ""1001"": 1, ""1101"": 1, ""1110"": 1}"
j14_czne_mid,garbage,EQE1,6,3.0,4,0.048828,4096,0.990240,"[8, 9, 10, 11]",2026-06-21T19:32:23.370934+00:00,"{""1110"": 153, ""0100"": 905, ""0101"": 781, ""1000"": 45, ""1111"": 104, ""0110"": 758, ""0111"": 428, ""1100"": 195, ""1101"": 170, ""1001"": 42, ""0000"": 185, ""0001"": 143, ""0011"": 54, ""0010"": 86, ""1010"": 29, ""1011"": 18}"
j14_czne_mid,garbage,EQE1,6,5.0,4,0.015625,4096,0.990240,"[8, 9, 10, 11]",2026-06-21T19:32:23.370934+00:00,"{""0011"": 153, ""0001"": 99, ""0100"": 657, ""1110"": 271, ""0010"": 267, ""1100"": 508, ""1000"": 199, ""0000"": 236, ""0110"": 393, ""1010"": 160, ""0111"": 185, ""1001"": 101, ""0101"": 362, ""1101"": 255, ""1111"": 167, ""1011"": 83}"
j14_czne_mid,garbage,EQE1,7,1.0,4,0.759766,4096,0.990240,"[8, 9, 10, 11]",2026-06-21T19:32:32.863393+00:00,"{""0000"": 3542, ""0100"": 67, ""0010"": 165, ""0001"": 53, ""1000"": 202, ""1010"": 13, ""0110"": 20, ""1100"": 14, ""0011"": 13, ""1110"": 4, ""1101"": 1, ""1001"": 1, ""0101"": 1}"
j14_czne_mid,garbage,EQE1,7,3.0,4,0.038574,4096,0.990240,"[8, 9, 10, 11]",2026-06-21T19:32:32.863393+00:00,"{""1100"": 183, ""0010"": 78, ""0110"": 763, ""0100"": 887, ""0111"": 476, ""1101"": 158, ""0101"": 765, ""0000"": 183, ""0001"": 143, ""0011"": 71, ""1000"": 51, ""1111"": 86, ""1010"": 38, ""1110"": 150, ""1011"": 26, ""1001"": 38}"
j14_czne_mid,garbage,EQE1,7,5.0,4,-0.026855,4096,0.990240,"[8, 9, 10, 11]",2026-06-21T19:32:32.863393+00:00,"{""0000"": 248, ""1100"": 456, ""0100"": 663, ""0110"": 383, ""0010"": 278, ""1010"": 160, ""1000"": 191, ""0101"": 342, ""1110"": 300, ""1011"": 100, ""1101"": 214, ""0001"": 130, ""1111"": 148, ""0111"": 227, ""0011"": 149, ""1001"": 107}"
j14_czne_mid,garbage,EQE1,8,1.0,4,0.756348,4096,0.990240,"[8, 9, 10, 11]",2026-06-21T19:32:44.414523+00:00,"{""0000"": 3547, ""0100"": 55, ""1000"": 214, ""0010"": 170, ""0011"": 11, ""1010"": 14, ""0001"": 58, ""1100"": 7, ""0110"": 12, ""1001"": 5, ""0101"": 1, ""1110"": 2}"
j14_czne_mid,garbage,EQE1,8,3.0,4,0.041992,4096,0.990240,"[8, 9, 10, 11]",2026-06-21T19:32:44.414523+00:00,"{""0100"": 890, ""0101"": 779, ""1000"": 39, ""1100"": 160, ""0111"": 493, ""0110"": 769, ""0010"": 82, ""1101"": 136, ""0001"": 147, ""1110"": 153, ""0000"": 188, ""1111"": 103, ""1010"": 25, ""0011"": 61, ""1001"": 49, ""1011"": 22}"
j14_czne_mid,garbage,EQE1,8,5.0,4,-0.031250,4096,0.990240,"[8, 9, 10, 11]",2026-06-21T19:32:44.414523+00:00,"{""0100"": 652, ""0010"": 309, ""0111"": 231, ""1010"": 171, ""0110"": 387, ""0101"": 308, ""1100"": 489, ""0000"": 223, ""1001"": 107, ""1011"": 95, ""0011"": 157, ""1101"": 246, ""1111"": 142, ""1000"": 204, ""0001"": 114, ""1110"": 261}"
j14_czne_mid,garbage,EQE1,9,1.0,4,0.767578,4096,0.990240,"[8, 9, 10, 11]",2026-06-21T19:32:55.964744+00:00,"{""0000"": 3575, ""0100"": 55, ""0010"": 164, ""1000"": 209, ""0001"": 47, ""1010"": 10, ""0110"": 11, ""1100"": 11, ""1001"": 3, ""0011"": 7, ""1111"": 1, ""0101"": 2, ""1110"": 1}"
j14_czne_mid,garbage,EQE1,9,3.0,4,0.027832,4096,0.990240,"[8, 9, 10, 11]",2026-06-21T19:32:55.964744+00:00,"{""0101"": 751, ""0100"": 874, ""1101"": 177, ""0110"": 753, ""1111"": 97, ""0000"": 166, ""0111"": 496, ""1010"": 36, ""1110"": 162, ""0010"": 81, ""0001"": 134, ""1100"": 202, ""0011"": 65, ""1000"": 53, ""1001"": 35, ""1011"": 14}"
j14_czne_mid,garbage,EQE1,9,5.0,4,-0.026855,4096,0.990240,"[8, 9, 10, 11]",2026-06-21T19:32:55.964744+00:00,"{""1000"": 191, ""0101"": 342, ""0100"": 644, ""0111"": 214, ""1110"": 274, ""1111"": 152, ""1101"": 263, ""1001"": 91, ""1010"": 164, ""1100"": 489, ""0001"": 130, ""0110"": 374, ""0010"": 286, ""0011"": 155, ""0000"": 226, ""1011"": 101}"
j14_czne_mid,garbage,EQE1,10,1.0,4,0.754883,4096,0.990240,"[8, 9, 10, 11]",2026-06-21T19:33:05.260952+00:00,"{""0000"": 3552, ""0010"": 181, ""0100"": 64, ""0110"": 13, ""0011"": 10, ""1000"": 206, ""0001"": 49, ""1100"": 6, ""1010"": 7, ""0101"": 5, ""1001"": 1, ""0111"": 1, ""1110"": 1}"
j14_czne_mid,garbage,EQE1,10,3.0,4,0.032715,4096,0.990240,"[8, 9, 10, 11]",2026-06-21T19:33:05.260952+00:00,"{""0111"": 484, ""0101"": 714, ""0110"": 784, ""1100"": 187, ""0000"": 158, ""0100"": 892, ""1001"": 58, ""1111"": 117, ""1101"": 173, ""1110"": 163, ""0001"": 127, ""0011"": 64, ""0010"": 78, ""1000"": 42, ""1010"": 33, ""1011"": 22}"
j14_czne_mid,garbage,EQE1,10,5.0,4,-0.016602,4096,0.990240,"[8, 9, 10, 11]",2026-06-21T19:33:05.260952+00:00,"{""1100"": 473, ""0100"": 636, ""0110"": 383, ""1101"": 224, ""1000"": 169, ""1110"": 283, ""0010"": 332, ""1010"": 180, ""0000"": 220, ""0111"": 228, ""0001"": 119, ""0011"": 169, ""1011"": 91, ""1001"": 95, ""0101"": 353, ""1111"": 141}"
j14_czne_mid,garbage,EQE1,11,1.0,4,0.771484,4096,0.990240,"[8, 9, 10, 11]",2026-06-21T19:33:14.393879+00:00,"{""0000"": 3583, ""1000"": 188, ""0110"": 19, ""0010"": 162, ""0001"": 45, ""0100"": 73, ""1100"": 4, ""0011"": 11, ""1010"": 8, ""0101"": 1, ""1001"": 2}"
j14_czne_mid,garbage,EQE1,11,3.0,4,0.014160,4096,0.990240,"[8, 9, 10, 11]",2026-06-21T19:33:14.393879+00:00,"{""0100"": 940, ""0001"": 163, ""1110"": 149, ""0101"": 722, ""1111"": 89, ""0111"": 459, ""0110"": 776, ""0011"": 41, ""1100"": 188, ""0000"": 187, ""1001"": 51, ""0010"": 90, ""1000"": 52, ""1101"": 145, ""1011"": 21, ""1010"": 23}"
j14_czne_mid,garbage,EQE1,11,5.0,4,-0.006348,4096,0.990240,"[8, 9, 10, 11]",2026-06-21T19:33:14.393879+00:00,"{""0010"": 302, ""1100"": 512, ""0110"": 361, ""0100"": 655, ""1001"": 98, ""1101"": 229, ""0101"": 366, ""0001"": 110, ""0111"": 204, ""0000"": 231, ""1000"": 200, ""0011"": 155, ""1110"": 281, ""1111"": 145, ""1011"": 80, ""1010"": 167}"
j14_czne_mid,garbage,EQE1,12,1.0,4,0.741699,4096,0.990240,"[8, 9, 10, 11]",2026-06-21T19:33:25.718991+00:00,"{""0000"": 3520, ""0010"": 161, ""0100"": 72, ""0011"": 8, ""1000"": 234, ""0001"": 58, ""0110"": 13, ""1100"": 10, ""1110"": 3, ""1010"": 12, ""1011"": 1, ""1001"": 3, ""0101"": 1}"
j14_czne_mid,garbage,EQE1,12,3.0,4,0.057617,4096,0.990240,"[8, 9, 10, 11]",2026-06-21T19:33:25.718991+00:00,"{""0111"": 438, ""0101"": 722, ""0000"": 170, ""0001"": 148, ""1100"": 220, ""0011"": 53, ""1001"": 54, ""0110"": 826, ""0100"": 873, ""1111"": 96, ""1110"": 161, ""0010"": 95, ""1101"": 147, ""1000"": 53, ""1010"": 25, ""1011"": 15}"
j14_czne_mid,garbage,EQE1,12,5.0,4,-0.032715,4096,0.990240,"[8, 9, 10, 11]",2026-06-21T19:33:25.718991+00:00,"{""0100"": 659, ""1000"": 185, ""1110"": 297, ""1111"": 141, ""0010"": 282, ""1100"": 469, ""1011"": 90, ""0110"": 421, ""1101"": 256, ""0001"": 112, ""0011"": 150, ""0101"": 319, ""0111"": 234, ""1001"": 79, ""0000"": 220, ""1010"": 182}"
j14_czne_mid,garbage,EQE1,13,1.0,4,0.718750,4096,0.990240,"[8, 9, 10, 11]",2026-06-21T19:33:37.045132+00:00,"{""0000"": 3472, ""1000"": 242, ""0100"": 61, ""0001"": 77, ""1110"": 2, ""0010"": 193, ""0011"": 14, ""0110"": 15, ""1001"": 2, ""1100"": 8, ""1010"": 8, ""1011"": 1, ""0101"": 1}"
j14_czne_mid,garbage,EQE1,13,3.0,4,0.021484,4096,0.990240,"[8, 9, 10, 11]",2026-06-21T19:33:37.045132+00:00,"{""1111"": 95, ""0110"": 785, ""0111"": 467, ""1000"": 59, ""0001"": 141, ""0100"": 930, ""1101"": 145, ""0010"": 92, ""0000"": 159, ""0101"": 724, ""1010"": 30, ""1100"": 203, ""1110"": 145, ""0011"": 56, ""1001"": 40, ""1011"": 25}"
j14_czne_mid,garbage,EQE1,13,5.0,4,-0.022461,4096,0.990240,"[8, 9, 10, 11]",2026-06-21T19:33:37.045132+00:00,"{""0010"": 279, ""0000"": 225, ""0110"": 398, ""0100"": 641, ""1011"": 76, ""0101"": 340, ""0011"": 146, ""1010"": 181, ""1100"": 484, ""1111"": 136, ""1110"": 302, ""0111"": 211, ""1101"": 286, ""1000"": 176, ""1001"": 92, ""0001"": 123}"
j14_czne_mid,garbage,EQE1,14,1.0,4,0.738281,4096,0.990240,"[8, 9, 10, 11]",2026-06-21T19:33:46.421919+00:00,"{""0000"": 3501, ""1000"": 229, ""0001"": 59, ""0010"": 185, ""0100"": 59, ""1010"": 12, ""0110"": 18, ""0011"": 14, ""1110"": 3, ""1011"": 1, ""1100"": 8, ""1001"": 5, ""0101"": 2}"
j14_czne_mid,garbage,EQE1,14,3.0,4,0.028809,4096,0.990240,"[8, 9, 10, 11]",2026-06-21T19:33:46.421919+00:00,"{""0100"": 914, ""0101"": 781, ""0110"": 692, ""1101"": 156, ""0111"": 474, ""1100"": 222, ""1110"": 121, ""1000"": 46, ""0010"": 93, ""0000"": 184, ""0011"": 55, ""0001"": 159, ""1111"": 93, ""1011"": 26, ""1001"": 52, ""1010"": 28}"
j14_czne_mid,garbage,EQE1,14,5.0,4,-0.033691,4096,0.990240,"[8, 9, 10, 11]",2026-06-21T19:33:46.421919+00:00,"{""1000"": 206, ""1110"": 272, ""1111"": 149, ""0010"": 303, ""0011"": 142, ""0111"": 216, ""1001"": 96, ""0100"": 650, ""1010"": 170, ""1101"": 253, ""1100"": 476, ""0110"": 382, ""0101"": 337, ""0000"": 227, ""1011"": 85, ""0001"": 132}"
j14_czne_mid,garbage,EQE1,15,1.0,4,0.743164,4096,0.990240,"[8, 9, 10, 11]",2026-06-21T19:33:56.038254+00:00,"{""0000"": 3525, ""0100"": 60, ""1000"": 228, ""0010"": 180, ""0011"": 7, ""0001"": 58, ""1100"": 9, ""1010"": 10, ""0110"": 16, ""1001"": 3}"
j14_czne_mid,garbage,EQE1,15,3.0,4,0.026367,4096,0.990240,"[8, 9, 10, 11]",2026-06-21T19:33:56.038254+00:00,"{""0101"": 774, ""1110"": 188, ""0000"": 174, ""1101"": 155, ""0100"": 885, ""0110"": 754, ""1100"": 190, ""1010"": 27, ""0111"": 464, ""0011"": 56, ""1111"": 82, ""0001"": 148, ""0010"": 78, ""1001"": 45, ""1000"": 53, ""1011"": 23}"
j14_czne_mid,garbage,EQE1,15,5.0,4,-0.006836,4096,0.990240,"[8, 9, 10, 11]",2026-06-21T19:33:56.038254+00:00,"{""1101"": 251, ""1110"": 298, ""0100"": 610, ""0011"": 154, ""0111"": 195, ""1100"": 475, ""0110"": 406, ""1000"": 196, ""0001"": 127, ""0010"": 314, ""0000"": 223, ""0101"": 322, ""1111"": 159, ""1010"": 182, ""1001"": 113, ""1011"": 71}"
j14_czne_mid,garbage,EQE1,16,1.0,4,0.745605,4096,0.990240,"[8, 9, 10, 11]",2026-06-21T19:34:05.420926+00:00,"{""0000"": 3526, ""1000"": 215, ""0001"": 59, ""0100"": 61, ""0010"": 183, ""1010"": 9, ""1101"": 1, ""1100"": 17, ""0110"": 13, ""0011"": 9, ""1110"": 2, ""0101"": 1}"
j14_czne_mid,garbage,EQE1,16,3.0,4,0.042969,4096,0.990240,"[8, 9, 10, 11]",2026-06-21T19:34:05.420926+00:00,"{""0100"": 858, ""0111"": 520, ""0101"": 773, ""0110"": 813, ""0000"": 157, ""1001"": 50, ""1101"": 153, ""1110"": 133, ""1000"": 38, ""0001"": 144, ""1100"": 173, ""1011"": 23, ""0011"": 70, ""1111"": 78, ""0010"": 91, ""1010"": 22}"
j14_czne_mid,garbage,EQE1,16,5.0,4,-0.003906,4096,0.990240,"[8, 9, 10, 11]",2026-06-21T19:34:05.420926+00:00,"{""0101"": 351, ""1011"": 104, ""1000"": 177, ""1111"": 175, ""1100"": 479, ""0100"": 634, ""0001"": 115, ""0010"": 297, ""0110"": 381, ""0000"": 224, ""1110"": 273, ""1010"": 173, ""0111"": 223, ""0011"": 162, ""1101"": 233, ""1001"": 95}"
j14_czne_mid,garbage,EQE1,17,1.0,4,0.759766,4096,0.990240,"[8, 9, 10, 11]",2026-06-21T19:34:14.896136+00:00,"{""0000"": 3554, ""1000"": 187, ""0010"": 171, ""0100"": 79, ""0001"": 53, ""1010"": 12, ""0110"": 15, ""0011"": 9, ""1100"": 9, ""0101"": 3, ""0111"": 1, ""1001"": 2, ""1110"": 1}"
j14_czne_mid,garbage,EQE1,17,3.0,4,0.040527,4096,0.990240,"[8, 9, 10, 11]",2026-06-21T19:34:14.896136+00:00,"{""1100"": 210, ""0100"": 901, ""0110"": 809, ""0101"": 708, ""0001"": 150, ""0111"": 490, ""1000"": 42, ""0000"": 169, ""1101"": 143, ""1110"": 147, ""1010"": 33, ""0010"": 75, ""1111"": 93, ""0011"": 64, ""1001"": 45, ""1011"": 17}"
j14_czne_mid,garbage,EQE1,17,5.0,4,-0.018555,4096,0.990240,"[8, 9, 10, 11]",2026-06-21T19:34:14.896136+00:00,"{""1000"": 202, ""1100"": 476, ""1011"": 108, ""0010"": 287, ""1111"": 155, ""1101"": 245, ""0100"": 608, ""0110"": 396, ""0101"": 338, ""1010"": 137, ""0111"": 223, ""0000"": 253, ""1110"": 293, ""0001"": 120, ""1001"": 113, ""0011"": 142}"
j14_czne_mid,garbage,EQE1,18,1.0,4,0.751465,4096,0.990240,"[8, 9, 10, 11]",2026-06-21T19:34:24.240533+00:00,"{""0000"": 3529, ""1000"": 211, ""0110"": 17, ""0010"": 159, ""0001"": 74, ""0011"": 12, ""0100"": 61, ""1100"": 9, ""1010"": 16, ""1110"": 2, ""1001"": 3, ""1011"": 1, ""0101"": 1, ""0111"": 1}"
j14_czne_mid,garbage,EQE1,18,3.0,4,0.022461,4096,0.990240,"[8, 9, 10, 11]",2026-06-21T19:34:24.240533+00:00,"{""0100"": 887, ""0010"": 98, ""0110"": 759, ""0101"": 763, ""0000"": 166, ""1111"": 94, ""0011"": 57, ""0111"": 496, ""1001"": 35, ""0001"": 147, ""1100"": 186, ""1101"": 160, ""1000"": 49, ""1010"": 34, ""1110"": 147, ""1011"": 18}"
j14_czne_mid,garbage,EQE1,18,5.0,4,-0.002930,4096,0.990240,"[8, 9, 10, 11]",2026-06-21T19:34:24.240533+00:00,"{""0000"": 220, ""1111"": 164, ""1110"": 310, ""0111"": 206, ""0110"": 425, ""0100"": 626, ""0101"": 355, ""0010"": 274, ""0011"": 150, ""1000"": 186, ""1100"": 446, ""1011"": 89, ""1001"": 94, ""1010"": 188, ""0001"": 128, ""1101"": 235}"
j14_czne_mid,garbage,EQE1,19,1.0,4,0.790039,4096,0.990240,"[8, 9, 10, 11]",2026-06-21T19:34:33.395099+00:00,"{""0000"": 3599, ""1000"": 170, ""0100"": 60, ""1010"": 14, ""0010"": 141, ""0001"": 55, ""0011"": 13, ""1110"": 3, ""1011"": 1, ""0110"": 23, ""1001"": 8, ""0101"": 2, ""1100"": 7}"
j14_czne_mid,garbage,EQE1,19,3.0,4,0.024414,4096,0.990240,"[8, 9, 10, 11]",2026-06-21T19:34:33.395099+00:00,"{""0110"": 775, ""0100"": 862, ""1100"": 175, ""0111"": 510, ""0101"": 749, ""1000"": 43, ""0000"": 159, ""1111"": 98, ""1110"": 168, ""1001"": 44, ""0001"": 158, ""1101"": 171, ""1010"": 34, ""1011"": 22, ""0010"": 64, ""0011"": 64}"
j14_czne_mid,garbage,EQE1,19,5.0,4,0.001953,4096,0.990240,"[8, 9, 10, 11]",2026-06-21T19:34:33.395099+00:00,"{""0000"": 237, ""0101"": 349, ""1111"": 156, ""0010"": 314, ""1100"": 480, ""0111"": 184, ""0100"": 655, ""0011"": 166, ""0110"": 392, ""1101"": 238, ""1010"": 170, ""1000"": 186, ""1110"": 283, ""1001"": 102, ""1011"": 91, ""0001"": 93}"
j14_czne_mid,garbage,EQE1,20,1.0,4,0.764648,4096,0.990240,"[8, 9, 10, 11]",2026-06-21T19:34:44.947085+00:00,"{""0000"": 3558, ""1000"": 198, ""0001"": 47, ""0011"": 8, ""0100"": 59, ""0010"": 174, ""1100"": 14, ""0101"": 5, ""0110"": 18, ""1110"": 3, ""1010"": 8, ""1011"": 1, ""1001"": 3}"
j14_czne_mid,garbage,EQE1,20,3.0,4,0.035156,4096,0.990240,"[8, 9, 10, 11]",2026-06-21T19:34:44.947085+00:00,"{""0111"": 468, ""0100"": 895, ""0101"": 784, ""0000"": 197, ""1111"": 106, ""1101"": 169, ""1110"": 163, ""0110"": 730, ""0010"": 71, ""0001"": 133, ""1100"": 160, ""1001"": 54, ""0011"": 66, ""1000"": 49, ""1010"": 23, ""1011"": 28}"
j14_czne_mid,garbage,EQE1,20,5.0,4,-0.029297,4096,0.990240,"[8, 9, 10, 11]",2026-06-21T19:34:44.947085+00:00,"{""1011"": 101, ""0111"": 210, ""1100"": 476, ""1010"": 173, ""1000"": 213, ""1110"": 278, ""0101"": 329, ""0110"": 383, ""0100"": 635, ""1001"": 103, ""1101"": 244, ""0001"": 128, ""1111"": 128, ""0010"": 299, ""0000"": 231, ""0011"": 165}"
j14_czne_mid,garbage,EQE1,21,1.0,4,0.751953,4096,0.990240,"[8, 9, 10, 11]",2026-06-21T19:34:54.275673+00:00,"{""0000"": 3540, ""0010"": 170, ""0100"": 73, ""1010"": 10, ""1000"": 211, ""0001"": 50, ""1100"": 16, ""0110"": 17, ""0101"": 1, ""0011"": 3, ""1011"": 2, ""1001"": 1, ""1110"": 2}"
j14_czne_mid,garbage,EQE1,21,3.0,4,0.018066,4096,0.990240,"[8, 9, 10, 11]",2026-06-21T19:34:54.275673+00:00,"{""0110"": 747, ""0101"": 729, ""0010"": 70, ""1010"": 37, ""0111"": 478, ""0000"": 174, ""0100"": 936, ""1100"": 185, ""1111"": 99, ""1011"": 26, ""0011"": 74, ""0001"": 150, ""1001"": 40, ""1101"": 145, ""1110"": 150, ""1000"": 56}"
j14_czne_mid,garbage,EQE1,21,5.0,4,-0.015137,4096,0.990240,"[8, 9, 10, 11]",2026-06-21T19:34:54.275673+00:00,"{""1110"": 320, ""0100"": 592, ""0110"": 379, ""0010"": 313, ""1010"": 164, ""1011"": 85, ""1111"": 146, ""0101"": 328, ""1100"": 499, ""0000"": 219, ""0011"": 183, ""1000"": 198, ""0001"": 132, ""1101"": 248, ""1001"": 99, ""0111"": 191}"
j14_czne_mid,garbage,EQE1,22,1.0,4,0.750488,4096,0.990240,"[8, 9, 10, 11]",2026-06-21T19:35:03.624713+00:00,"{""0000"": 3529, ""0001"": 62, ""1000"": 224, ""1010"": 13, ""0100"": 67, ""0010"": 152, ""1100"": 13, ""1110"": 5, ""0110"": 18, ""1001"": 6, ""0011"": 6, ""1011"": 1}"
j14_czne_mid,garbage,EQE1,22,3.0,4,0.039551,4096,0.990240,"[8, 9, 10, 11]",2026-06-21T19:35:03.624713+00:00,"{""0000"": 176, ""0101"": 758, ""0100"": 920, ""0010"": 69, ""1100"": 190, ""1110"": 162, ""0110"": 762, ""0111"": 453, ""1101"": 160, ""0001"": 129, ""1000"": 54, ""1111"": 103, ""0011"": 63, ""1001"": 49, ""1010"": 28, ""1011"": 20}"
j14_czne_mid,garbage,EQE1,22,5.0,4,-0.036621,4096,0.990240,"[8, 9, 10, 11]",2026-06-21T19:35:03.624713+00:00,"{""0100"": 656, ""0011"": 154, ""0000"": 239, ""1101"": 284, ""0010"": 289, ""0001"": 124, ""0110"": 406, ""1010"": 151, ""1110"": 283, ""1111"": 153, ""1000"": 216, ""1100"": 454, ""0101"": 306, ""1011"": 82, ""0111"": 189, ""1001"": 110}"
j14_czne_mid,garbage,EQE1,23,1.0,4,0.754395,4096,0.990240,"[8, 9, 10, 11]",2026-06-21T19:35:13.174066+00:00,"{""0000"": 3529, ""0100"": 45, ""1100"": 14, ""1000"": 234, ""0001"": 60, ""0011"": 16, ""0010"": 160, ""1010"": 19, ""0110"": 10, ""0101"": 1, ""1011"": 1, ""1001"": 3, ""1110"": 3, ""1111"": 1}"
j14_czne_mid,garbage,EQE1,23,3.0,4,0.022949,4096,0.990240,"[8, 9, 10, 11]",2026-06-21T19:35:13.174066+00:00,"{""0110"": 759, ""0000"": 169, ""1100"": 176, ""0100"": 915, ""0010"": 76, ""0101"": 750, ""0001"": 142, ""1101"": 167, ""1110"": 146, ""1001"": 49, ""0111"": 493, ""1111"": 100, ""1011"": 23, ""1000"": 39, ""0011"": 59, ""1010"": 33}"
j14_czne_mid,garbage,EQE1,23,5.0,4,-0.016602,4096,0.990240,"[8, 9, 10, 11]",2026-06-21T19:35:13.174066+00:00,"{""1010"": 183, ""1101"": 255, ""0001"": 116, ""0101"": 348, ""0100"": 640, ""1100"": 506, ""0000"": 199, ""0010"": 289, ""0011"": 162, ""1011"": 80, ""0110"": 369, ""1111"": 161, ""1001"": 86, ""0111"": 203, ""1110"": 290, ""1000"": 209}"
j14_czne_mid,garbage,EQE1,24,1.0,4,0.759766,4096,0.990240,"[8, 9, 10, 11]",2026-06-21T19:35:22.626035+00:00,"{""0000"": 3553, ""0010"": 163, ""1000"": 231, ""0001"": 45, ""0100"": 53, ""0011"": 11, ""0110"": 16, ""1100"": 10, ""1001"": 5, ""1010"": 6, ""0101"": 3}"
j14_czne_mid,garbage,EQE1,24,3.0,4,0.040039,4096,0.990240,"[8, 9, 10, 11]",2026-06-21T19:35:22.626035+00:00,"{""0100"": 918, ""1100"": 183, ""0110"": 753, ""0111"": 462, ""0101"": 764, ""0010"": 70, ""1110"": 151, ""1111"": 112, ""1101"": 159, ""1000"": 47, ""0000"": 190, ""0001"": 143, ""1011"": 16, ""1001"": 45, ""1010"": 31, ""0011"": 52}"
j14_czne_mid,garbage,EQE1,24,5.0,4,0.004395,4096,0.990240,"[8, 9, 10, 11]",2026-06-21T19:35:22.626035+00:00,"{""1110"": 283, ""1101"": 270, ""0100"": 600, ""1011"": 89, ""0101"": 357, ""0110"": 401, ""0111"": 202, ""1100"": 490, ""0001"": 120, ""0011"": 176, ""0000"": 222, ""1010"": 158, ""0010"": 280, ""1111"": 154, ""1000"": 195, ""1001"": 99}"
j14_czne_mid,garbage,EQE1,25,1.0,4,0.780273,4096,0.990240,"[8, 9, 10, 11]",2026-06-21T19:35:31.912953+00:00,"{""0000"": 3597, ""1000"": 200, ""0010"": 141, ""0001"": 48, ""0100"": 59, ""0011"": 9, ""1100"": 15, ""0101"": 2, ""0110"": 14, ""1010"": 5, ""0111"": 1, ""1001"": 4, ""1110"": 1}"
j14_czne_mid,garbage,EQE1,25,3.0,4,0.026367,4096,0.990240,"[8, 9, 10, 11]",2026-06-21T19:35:31.912953+00:00,"{""0100"": 906, ""0110"": 768, ""0101"": 735, ""0111"": 459, ""0000"": 181, ""1101"": 176, ""1100"": 209, ""1110"": 149, ""1001"": 46, ""1000"": 44, ""1010"": 30, ""0001"": 147, ""0010"": 90, ""1111"": 89, ""1011"": 23, ""0011"": 44}"
j14_czne_mid,garbage,EQE1,25,5.0,4,-0.007324,4096,0.990240,"[8, 9, 10, 11]",2026-06-21T19:35:31.912953+00:00,"{""1000"": 191, ""1100"": 495, ""0010"": 274, ""0111"": 223, ""0011"": 136, ""0000"": 278, ""1111"": 150, ""0110"": 383, ""1010"": 152, ""1101"": 224, ""0101"": 333, ""0100"": 693, ""1001"": 106, ""1110"": 272, ""0001"": 112, ""1011"": 74}"
j14_czne_mid,garbage,EQE1,26,1.0,4,0.747559,4096,0.990240,"[8, 9, 10, 11]",2026-06-21T19:35:41.404508+00:00,"{""0000"": 3517, ""0010"": 172, ""1000"": 232, ""0001"": 54, ""0100"": 50, ""0110"": 22, ""1100"": 16, ""1001"": 3, ""1010"": 9, ""0011"": 11, ""1011"": 1, ""1110"": 7, ""0111"": 1, ""0101"": 1}"
j14_czne_mid,garbage,EQE1,26,3.0,4,0.039062,4096,0.990240,"[8, 9, 10, 11]",2026-06-21T19:35:41.404508+00:00,"{""0011"": 64, ""0100"": 907, ""0101"": 746, ""1101"": 158, ""0111"": 435, ""0110"": 811, ""0000"": 161, ""1111"": 91, ""1000"": 58, ""0001"": 155, ""0010"": 79, ""1010"": 28, ""1100"": 191, ""1110"": 155, ""1011"": 21, ""1001"": 36}"
j14_czne_mid,garbage,EQE1,26,5.0,4,-0.013184,4096,0.990240,"[8, 9, 10, 11]",2026-06-21T19:35:41.404508+00:00,"{""0100"": 670, ""0010"": 276, ""0110"": 389, ""0111"": 203, ""0101"": 359, ""1110"": 291, ""0000"": 257, ""1111"": 157, ""1100"": 505, ""1010"": 144, ""1101"": 243, ""0001"": 107, ""1000"": 195, ""1011"": 90, ""0011"": 134, ""1001"": 76}"
j14_czne_mid,garbage,EQE1,27,1.0,4,0.749023,4096,0.990240,"[8, 9, 10, 11]",2026-06-21T19:35:50.857499+00:00,"{""0000"": 3524, ""1000"": 205, ""0100"": 67, ""0010"": 179, ""0001"": 58, ""1110"": 5, ""0011"": 11, ""0110"": 21, ""1010"": 8, ""1100"": 13, ""1001"": 4, ""0101"": 1}"
j14_czne_mid,garbage,EQE1,27,3.0,4,0.025391,4096,0.990240,"[8, 9, 10, 11]",2026-06-21T19:35:50.857499+00:00,"{""0101"": 781, ""0110"": 749, ""1011"": 27, ""0000"": 191, ""0100"": 914, ""1101"": 165, ""0111"": 446, ""1010"": 33, ""1100"": 187, ""1110"": 161, ""1001"": 35, ""0010"": 82, ""0001"": 147, ""1111"": 77, ""1000"": 54, ""0011"": 47}"
j14_czne_mid,garbage,EQE1,27,5.0,4,-0.008301,4096,0.990240,"[8, 9, 10, 11]",2026-06-21T19:35:50.857499+00:00,"{""1010"": 176, ""1101"": 242, ""0110"": 383, ""1100"": 503, ""0101"": 336, ""0111"": 233, ""0010"": 284, ""1110"": 309, ""1111"": 156, ""0100"": 650, ""0000"": 227, ""1001"": 105, ""0001"": 101, ""0011"": 145, ""1000"": 176, ""1011"": 70}"
j14_czne_mid,garbage,EQE1,28,1.0,4,0.750488,4096,0.990240,"[8, 9, 10, 11]",2026-06-21T19:36:00.265093+00:00,"{""0000"": 3526, ""1000"": 232, ""0001"": 65, ""1100"": 13, ""0100"": 61, ""0011"": 12, ""0010"": 150, ""0110"": 17, ""1001"": 8, ""1010"": 9, ""1110"": 3}"
j14_czne_mid,garbage,EQE1,28,3.0,4,-0.000488,4096,0.990240,"[8, 9, 10, 11]",2026-06-21T19:36:00.265093+00:00,"{""0100"": 914, ""0110"": 740, ""1101"": 160, ""0111"": 474, ""0101"": 714, ""0000"": 190, ""1110"": 184, ""1100"": 195, ""1000"": 49, ""0001"": 173, ""0011"": 62, ""0010"": 81, ""1010"": 29, ""1111"": 86, ""1011"": 14, ""1001"": 31}"
j14_czne_mid,garbage,EQE1,28,5.0,4,-0.007324,4096,0.990240,"[8, 9, 10, 11]",2026-06-21T19:36:00.265093+00:00,"{""1001"": 89, ""0010"": 283, ""0000"": 255, ""0100"": 624, ""1100"": 447, ""1111"": 151, ""0101"": 330, ""0110"": 416, ""0111"": 202, ""0011"": 160, ""1101"": 275, ""1000"": 188, ""1110"": 284, ""1010"": 185, ""0001"": 120, ""1011"": 87}"
j14_czne_mid,garbage,EQE1,29,1.0,4,0.751953,4096,0.990240,"[8, 9, 10, 11]",2026-06-21T19:36:11.440504+00:00,"{""0000"": 3527, ""0100"": 56, ""0001"": 57, ""0011"": 14, ""0010"": 172, ""1000"": 222, ""1010"": 11, ""1100"": 10, ""0110"": 20, ""0101"": 3, ""1001"": 3, ""1110"": 1}"
j14_czne_mid,garbage,EQE1,29,3.0,4,0.023438,4096,0.990240,"[8, 9, 10, 11]",2026-06-21T19:36:11.440504+00:00,"{""0101"": 741, ""1110"": 190, ""1100"": 185, ""0000"": 178, ""0100"": 925, ""0110"": 750, ""0111"": 456, ""0001"": 138, ""0011"": 57, ""1111"": 107, ""0010"": 69, ""1101"": 156, ""1001"": 49, ""1010"": 29, ""1000"": 38, ""1011"": 28}"
j14_czne_mid,garbage,EQE1,29,5.0,4,-0.007324,4096,0.990240,"[8, 9, 10, 11]",2026-06-21T19:36:11.440504+00:00,"{""1111"": 154, ""0101"": 350, ""1110"": 295, ""0000"": 246, ""0100"": 629, ""1101"": 251, ""1100"": 480, ""1000"": 199, ""0110"": 389, ""0010"": 276, ""1010"": 175, ""0011"": 146, ""0111"": 202, ""0001"": 121, ""1001"": 93, ""1011"": 90}"
j14_czne_mid,identity,EQE1,0,1.0,4,0.763672,4096,0.990240,"[8, 9, 10, 11]",2026-06-21T19:36:22.756997+00:00,"{""0000"": 3571, ""0001"": 57, ""0010"": 163, ""1000"": 209, ""0100"": 53, ""0110"": 12, ""1010"": 2, ""0101"": 1, ""1100"": 12, ""0011"": 13, ""1110"": 2, ""1001"": 1}"
j14_czne_mid,identity,EQE1,0,3.0,4,0.441406,4096,0.990240,"[8, 9, 10, 11]",2026-06-21T19:36:22.756997+00:00,"{""0010"": 654, ""0000"": 2786, ""1000"": 239, ""1100"": 33, ""0100"": 202, ""1010"": 54, ""0110"": 61, ""0001"": 39, ""1110"": 8, ""0101"": 3, ""1011"": 2, ""0011"": 12, ""1001"": 3}"
j14_czne_mid,identity,EQE1,0,5.0,4,0.025391,4096,0.990240,"[8, 9, 10, 11]",2026-06-21T19:36:22.756997+00:00,"{""0110"": 485, ""0100"": 612, ""0000"": 1348, ""1000"": 206, ""0010"": 1066, ""1010"": 144, ""1100"": 83, ""1110"": 77, ""0011"": 22, ""0001"": 23, ""0111"": 9, ""0101"": 12, ""1001"": 4, ""1111"": 2, ""1011"": 2, ""1101"": 1}"
j14_czne_mid,identity,EQE1,1,1.0,4,0.766602,4096,0.990240,"[8, 9, 10, 11]",2026-06-21T19:36:31.925998+00:00,"{""0000"": 3561, ""0100"": 61, ""1000"": 211, ""0010"": 154, ""0110"": 20, ""0001"": 49, ""1100"": 16, ""0011"": 13, ""1010"": 5, ""1001"": 3, ""1110"": 1, ""1011"": 2}"
j14_czne_mid,identity,EQE1,1,3.0,4,0.425293,4096,0.990240,"[8, 9, 10, 11]",2026-06-21T19:36:31.925998+00:00,"{""0000"": 2762, ""0010"": 689, ""0100"": 207, ""0110"": 65, ""0001"": 42, ""1000"": 230, ""1100"": 22, ""1010"": 50, ""0011"": 16, ""0111"": 1, ""1011"": 2, ""1001"": 2, ""1110"": 6, ""0101"": 2}"
j14_czne_mid,identity,EQE1,1,5.0,4,0.070801,4096,0.990240,"[8, 9, 10, 11]",2026-06-21T19:36:31.925998+00:00,"{""1110"": 75, ""0110"": 542, ""0000"": 1369, ""0010"": 1024, ""0100"": 572, ""1100"": 89, ""0001"": 18, ""1000"": 203, ""0011"": 12, ""1010"": 167, ""0111"": 9, ""1001"": 3, ""0101"": 10, ""1111"": 1, ""1011"": 2}"
j14_czne_mid,identity,EQE1,2,1.0,4,0.734863,4096,0.990240,"[8, 9, 10, 11]",2026-06-21T19:36:41.386749+00:00,"{""0000"": 3514, ""0010"": 192, ""1000"": 232, ""1010"": 8, ""1100"": 9, ""0001"": 55, ""0100"": 62, ""0011"": 11, ""0110"": 9, ""0101"": 1, ""1001"": 1, ""1110"": 2}"
j14_czne_mid,identity,EQE1,2,3.0,4,0.459473,4096,0.990240,"[8, 9, 10, 11]",2026-06-21T19:36:41.386749+00:00,"{""0000"": 2802, ""0010"": 653, ""0100"": 191, ""1100"": 30, ""1000"": 230, ""1010"": 67, ""0001"": 26, ""0110"": 64, ""0011"": 17, ""1001"": 4, ""0101"": 5, ""1110"": 6, ""0111"": 1}"
j14_czne_mid,identity,EQE1,2,5.0,4,0.035156,4096,0.990240,"[8, 9, 10, 11]",2026-06-21T19:36:41.386749+00:00,"{""1000"": 226, ""0110"": 485, ""0000"": 1367, ""1110"": 77, ""0010"": 1039, ""0100"": 593, ""1010"": 165, ""0001"": 26, ""1100"": 73, ""0011"": 16, ""1101"": 3, ""1001"": 4, ""0101"": 8, ""0111"": 9, ""1111"": 2, ""1011"": 3}"
j14_czne_mid,identity,EQE1,3,1.0,4,0.758301,4096,0.990240,"[8, 9, 10, 11]",2026-06-21T19:36:50.691724+00:00,"{""0000"": 3547, ""0010"": 175, ""1010"": 10, ""0100"": 72, ""1110"": 1, ""1000"": 202, ""0001"": 45, ""0110"": 26, ""0011"": 7, ""0101"": 2, ""1100"": 8, ""1001"": 1}"
j14_czne_mid,identity,EQE1,3,3.0,4,0.423828,4096,0.990240,"[8, 9, 10, 11]",2026-06-21T19:36:50.691724+00:00,"{""0000"": 2752, ""1000"": 267, ""0001"": 24, ""0010"": 678, ""0100"": 198, ""0110"": 71, ""1010"": 49, ""1110"": 9, ""1100"": 27, ""0101"": 3, ""0011"": 13, ""1001"": 1, ""0111"": 3, ""1011"": 1}"
j14_czne_mid,identity,EQE1,3,5.0,4,0.047363,4096,0.990240,"[8, 9, 10, 11]",2026-06-21T19:36:50.691724+00:00,"{""0010"": 1069, ""0100"": 540, ""0110"": 482, ""0011"": 15, ""0000"": 1365, ""1100"": 103, ""1000"": 224, ""1010"": 168, ""1110"": 79, ""0001"": 27, ""0111"": 9, ""0101"": 7, ""1001"": 5, ""1011"": 3}"
j14_czne_mid,identity,EQE1,4,1.0,4,0.758301,4096,0.990240,"[8, 9, 10, 11]",2026-06-21T19:37:01.989174+00:00,"{""0000"": 3549, ""1100"": 11, ""0010"": 175, ""1000"": 212, ""1001"": 2, ""0011"": 12, ""0001"": 50, ""0100"": 57, ""0110"": 18, ""1010"": 9, ""1110"": 1}"
j14_czne_mid,identity,EQE1,4,3.0,4,0.431641,4096,0.990240,"[8, 9, 10, 11]",2026-06-21T19:37:01.989174+00:00,"{""0010"": 687, ""0000"": 2780, ""0100"": 202, ""1000"": 227, ""1010"": 49, ""0001"": 40, ""1100"": 26, ""0110"": 49, ""1110"": 5, ""0011"": 19, ""0101"": 6, ""0111"": 2, ""1001"": 3, ""1011"": 1}"
j14_czne_mid,identity,EQE1,4,5.0,4,0.023438,4096,0.990240,"[8, 9, 10, 11]",2026-06-21T19:37:01.989174+00:00,"{""0000"": 1315, ""0100"": 551, ""0010"": 1130, ""1110"": 68, ""1010"": 134, ""1100"": 108, ""0110"": 503, ""0011"": 18, ""1000"": 212, ""1011"": 4, ""0001"": 26, ""0101"": 13, ""0111"": 7, ""1001"": 3, ""1111"": 2, ""1101"": 2}"
j14_czne_mid,identity,EQE1,5,1.0,4,0.752930,4096,0.990240,"[8, 9, 10, 11]",2026-06-21T19:37:13.054722+00:00,"{""0000"": 3541, ""0100"": 62, ""1000"": 209, ""0010"": 180, ""0110"": 15, ""1100"": 9, ""0001"": 54, ""0011"": 11, ""1001"": 5, ""1010"": 9, ""1110"": 1}"
j14_czne_mid,identity,EQE1,5,3.0,4,0.424316,4096,0.990240,"[8, 9, 10, 11]",2026-06-21T19:37:13.054722+00:00,"{""0000"": 2728, ""0010"": 647, ""1000"": 272, ""0100"": 211, ""0110"": 85, ""0001"": 39, ""1010"": 61, ""1110"": 7, ""0111"": 3, ""0011"": 12, ""1100"": 22, ""1001"": 5, ""0101"": 4}"
j14_czne_mid,identity,EQE1,5,5.0,4,0.048340,4096,0.990240,"[8, 9, 10, 11]",2026-06-21T19:37:13.054722+00:00,"{""0010"": 1024, ""1000"": 230, ""0000"": 1390, ""0100"": 566, ""0110"": 488, ""1100"": 108, ""1110"": 89, ""0001"": 29, ""1001"": 5, ""1010"": 137, ""0011"": 13, ""0111"": 5, ""0101"": 5, ""1101"": 5, ""1111"": 1, ""1011"": 1}"
j14_czne_mid,identity,EQE1,6,1.0,4,0.746582,4096,0.990240,"[8, 9, 10, 11]",2026-06-21T19:37:24.264243+00:00,"{""0010"": 175, ""0000"": 3527, ""0100"": 62, ""1000"": 237, ""0001"": 41, ""1010"": 9, ""1100"": 16, ""0110"": 14, ""0011"": 7, ""0101"": 2, ""1001"": 2, ""1110"": 2, ""0111"": 2}"
j14_czne_mid,identity,EQE1,6,3.0,4,0.422363,4096,0.990240,"[8, 9, 10, 11]",2026-06-21T19:37:24.264243+00:00,"{""0000"": 2732, ""0010"": 698, ""1000"": 222, ""1010"": 51, ""0100"": 216, ""0001"": 43, ""1100"": 36, ""0110"": 66, ""0111"": 1, ""0011"": 17, ""0101"": 8, ""1001"": 2, ""1111"": 1, ""1110"": 3}"
j14_czne_mid,identity,EQE1,6,5.0,4,0.034180,4096,0.990240,"[8, 9, 10, 11]",2026-06-21T19:37:24.264243+00:00,"{""0010"": 1108, ""0000"": 1361, ""1100"": 96, ""0100"": 549, ""0110"": 488, ""1000"": 218, ""1111"": 4, ""1110"": 61, ""1010"": 148, ""0001"": 25, ""1011"": 6, ""1101"": 1, ""0011"": 13, ""1001"": 3, ""0111"": 10, ""0101"": 5}"
j14_czne_mid,identity,EQE1,7,1.0,4,0.767578,4096,0.990240,"[8, 9, 10, 11]",2026-06-21T19:37:35.784259+00:00,"{""0000"": 3564, ""1000"": 197, ""0010"": 158, ""0001"": 54, ""0110"": 20, ""1110"": 3, ""0100"": 63, ""1001"": 1, ""0011"": 15, ""1010"": 8, ""0111"": 1, ""1100"": 11, ""0101"": 1}"
j14_czne_mid,identity,EQE1,7,3.0,4,0.430664,4096,0.990240,"[8, 9, 10, 11]",2026-06-21T19:37:35.784259+00:00,"{""1010"": 78, ""0000"": 2744, ""0100"": 204, ""0010"": 650, ""0110"": 72, ""1110"": 7, ""1000"": 258, ""0011"": 13, ""1100"": 12, ""0001"": 41, ""0101"": 8, ""1001"": 2, ""0111"": 2, ""1011"": 4, ""1111"": 1}"
j14_czne_mid,identity,EQE1,7,5.0,4,0.053711,4096,0.990240,"[8, 9, 10, 11]",2026-06-21T19:37:35.784259+00:00,"{""1000"": 210, ""0000"": 1344, ""0100"": 611, ""1100"": 108, ""0010"": 1004, ""0110"": 532, ""1010"": 142, ""1110"": 83, ""1001"": 6, ""0111"": 12, ""1011"": 6, ""0001"": 12, ""0011"": 16, ""0101"": 9, ""1111"": 1}"
j14_czne_mid,identity,EQE1,8,1.0,4,0.772461,4096,0.990240,"[8, 9, 10, 11]",2026-06-21T19:37:45.181968+00:00,"{""0000"": 3576, ""0100"": 60, ""0010"": 186, ""1100"": 13, ""1000"": 169, ""0001"": 47, ""0110"": 17, ""1110"": 4, ""0011"": 14, ""1010"": 7, ""0101"": 1, ""1001"": 2}"
j14_czne_mid,identity,EQE1,8,3.0,4,0.414062,4096,0.990240,"[8, 9, 10, 11]",2026-06-21T19:37:45.181968+00:00,"{""0000"": 2742, ""0010"": 692, ""0100"": 196, ""1010"": 56, ""0110"": 53, ""1000"": 256, ""1100"": 27, ""0001"": 47, ""1110"": 7, ""0111"": 1, ""1111"": 1, ""1001"": 6, ""0011"": 10, ""0101"": 1, ""1011"": 1}"
j14_czne_mid,identity,EQE1,8,5.0,4,0.044434,4096,0.990240,"[8, 9, 10, 11]",2026-06-21T19:37:45.181968+00:00,"{""0000"": 1345, ""1010"": 143, ""0100"": 586, ""0010"": 1028, ""0110"": 518, ""1000"": 222, ""1110"": 85, ""0011"": 23, ""1100"": 93, ""0101"": 12, ""0111"": 10, ""0001"": 22, ""1001"": 3, ""1011"": 1, ""1111"": 2, ""1101"": 3}"
j14_czne_mid,identity,EQE1,9,1.0,4,0.759766,4096,0.990240,"[8, 9, 10, 11]",2026-06-21T19:37:54.567057+00:00,"{""0000"": 3554, ""0010"": 175, ""1000"": 184, ""0100"": 62, ""0001"": 65, ""1010"": 12, ""1100"": 12, ""0011"": 6, ""0101"": 2, ""1001"": 1, ""0110"": 17, ""1110"": 4, ""1011"": 1, ""1101"": 1}"
j14_czne_mid,identity,EQE1,9,3.0,4,0.399414,4096,0.990240,"[8, 9, 10, 11]",2026-06-21T19:37:54.567057+00:00,"{""0010"": 720, ""1000"": 273, ""0000"": 2698, ""0100"": 194, ""0001"": 38, ""1010"": 67, ""0110"": 66, ""1100"": 20, ""1001"": 2, ""0011"": 11, ""1110"": 4, ""1111"": 1, ""0101"": 1, ""0111"": 1}"
j14_czne_mid,identity,EQE1,9,5.0,4,0.025391,4096,0.990240,"[8, 9, 10, 11]",2026-06-21T19:37:54.567057+00:00,"{""0000"": 1314, ""1000"": 205, ""0110"": 495, ""0100"": 627, ""0010"": 1045, ""0011"": 17, ""1010"": 163, ""1110"": 72, ""0001"": 34, ""1100"": 100, ""1001"": 4, ""0101"": 6, ""0111"": 9, ""1101"": 1, ""1011"": 3, ""1111"": 1}"
j14_czne_mid,identity,EQE1,10,1.0,4,0.777832,4096,0.990240,"[8, 9, 10, 11]",2026-06-21T19:38:03.960953+00:00,"{""0000"": 3570, ""0010"": 154, ""1000"": 198, ""1100"": 11, ""0100"": 59, ""1010"": 18, ""0001"": 40, ""0110"": 28, ""0011"": 8, ""1001"": 4, ""1110"": 3, ""0101"": 2, ""1101"": 1}"
j14_czne_mid,identity,EQE1,10,3.0,4,0.425293,4096,0.990240,"[8, 9, 10, 11]",2026-06-21T19:38:03.960953+00:00,"{""0000"": 2761, ""0010"": 658, ""1000"": 254, ""1100"": 26, ""0110"": 59, ""0100"": 212, ""0001"": 43, ""1010"": 49, ""1110"": 7, ""0101"": 4, ""0011"": 15, ""1001"": 5, ""1101"": 2, ""0111"": 1}"
j14_czne_mid,identity,EQE1,10,5.0,4,0.059570,4096,0.990240,"[8, 9, 10, 11]",2026-06-21T19:38:03.960953+00:00,"{""0110"": 480, ""0010"": 1029, ""0100"": 541, ""1000"": 232, ""0000"": 1424, ""1110"": 77, ""1100"": 79, ""1010"": 149, ""0011"": 26, ""0111"": 9, ""0001"": 33, ""1101"": 3, ""0101"": 5, ""1011"": 2, ""1111"": 1, ""1001"": 6}"
j14_czne_mid,identity,EQE1,11,1.0,4,0.770996,4096,0.990240,"[8, 9, 10, 11]",2026-06-21T19:38:15.442209+00:00,"{""0000"": 3582, ""0100"": 70, ""0001"": 45, ""1000"": 181, ""0010"": 172, ""1010"": 8, ""1100"": 6, ""0110"": 20, ""1001"": 4, ""0011"": 7, ""1110"": 1}"
j14_czne_mid,identity,EQE1,11,3.0,4,0.420410,4096,0.990240,"[8, 9, 10, 11]",2026-06-21T19:38:15.442209+00:00,"{""0000"": 2747, ""0010"": 662, ""1000"": 256, ""1010"": 62, ""0100"": 213, ""0110"": 52, ""1110"": 9, ""0011"": 10, ""0001"": 42, ""1100"": 30, ""1001"": 5, ""0101"": 3, ""1101"": 3, ""0111"": 1, ""1011"": 1}"
j14_czne_mid,identity,EQE1,11,5.0,4,0.026367,4096,0.990240,"[8, 9, 10, 11]",2026-06-21T19:38:15.442209+00:00,"{""0010"": 1098, ""0110"": 459, ""0000"": 1362, ""0100"": 577, ""1000"": 214, ""1100"": 110, ""1010"": 146, ""0001"": 20, ""1110"": 73, ""0111"": 7, ""0011"": 17, ""0101"": 6, ""1001"": 1, ""1011"": 3, ""1101"": 2, ""1111"": 1}"
j14_czne_mid,identity,EQE1,12,1.0,4,0.736816,4096,0.990240,"[8, 9, 10, 11]",2026-06-21T19:38:26.830690+00:00,"{""0000"": 3505, ""0001"": 62, ""0010"": 200, ""1000"": 222, ""0100"": 50, ""1001"": 1, ""0110"": 19, ""0011"": 11, ""1010"": 10, ""1100"": 9, ""1110"": 2, ""1011"": 2, ""0101"": 2, ""0111"": 1}"
j14_czne_mid,identity,EQE1,12,3.0,4,0.425293,4096,0.990240,"[8, 9, 10, 11]",2026-06-21T19:38:26.830690+00:00,"{""0000"": 2754, ""0010"": 680, ""0100"": 217, ""0110"": 64, ""1000"": 248, ""1010"": 59, ""0001"": 23, ""1100"": 25, ""1110"": 6, ""1001"": 4, ""0011"": 11, ""0111"": 2, ""1111"": 1, ""0101"": 1, ""1101"": 1}"
j14_czne_mid,identity,EQE1,12,5.0,4,0.041992,4096,0.990240,"[8, 9, 10, 11]",2026-06-21T19:38:26.830690+00:00,"{""0010"": 1044, ""0100"": 583, ""0000"": 1370, ""0110"": 463, ""1110"": 71, ""1100"": 111, ""1000"": 227, ""1010"": 160, ""0011"": 18, ""0001"": 23, ""1001"": 4, ""0101"": 7, ""1011"": 4, ""0111"": 10, ""1111"": 1}"
j14_czne_mid,identity,EQE1,13,1.0,4,0.763672,4096,0.990240,"[8, 9, 10, 11]",2026-06-21T19:38:36.266293+00:00,"{""0000"": 3566, ""1000"": 207, ""0001"": 49, ""0010"": 175, ""0100"": 52, ""1100"": 12, ""0110"": 10, ""1010"": 10, ""0011"": 9, ""1001"": 4, ""1011"": 1, ""0101"": 1}"
j14_czne_mid,identity,EQE1,13,3.0,4,0.449219,4096,0.990240,"[8, 9, 10, 11]",2026-06-21T19:38:36.266293+00:00,"{""0010"": 605, ""0000"": 2800, ""1000"": 280, ""0100"": 192, ""1010"": 50, ""0110"": 74, ""1100"": 28, ""0011"": 14, ""0001"": 38, ""1011"": 2, ""1110"": 9, ""0111"": 1, ""1001"": 1, ""0101"": 1, ""1101"": 1}"
j14_czne_mid,identity,EQE1,13,5.0,4,0.061035,4096,0.990240,"[8, 9, 10, 11]",2026-06-21T19:38:36.266293+00:00,"{""0010"": 1006, ""1110"": 76, ""1010"": 167, ""0110"": 508, ""0000"": 1365, ""0100"": 587, ""1000"": 218, ""1100"": 97, ""0011"": 20, ""0001"": 21, ""1101"": 3, ""1001"": 4, ""0101"": 11, ""0111"": 6, ""1011"": 6, ""1111"": 1}"
j14_czne_mid,identity,EQE1,14,1.0,4,0.750977,4096,0.990240,"[8, 9, 10, 11]",2026-06-21T19:38:45.563450+00:00,"{""0000"": 3529, ""0010"": 192, ""1100"": 11, ""0100"": 59, ""1000"": 212, ""0001"": 45, ""0110"": 23, ""1010"": 12, ""0011"": 6, ""0101"": 4, ""1110"": 2, ""1001"": 1}"
j14_czne_mid,identity,EQE1,14,3.0,4,0.441895,4096,0.990240,"[8, 9, 10, 11]",2026-06-21T19:38:45.563450+00:00,"{""0000"": 2782, ""0010"": 672, ""0110"": 78, ""1000"": 220, ""0100"": 210, ""1100"": 21, ""1110"": 7, ""1010"": 61, ""0001"": 30, ""1001"": 3, ""1011"": 2, ""0011"": 7, ""0101"": 1, ""0111"": 1, ""1101"": 1}"
j14_czne_mid,identity,EQE1,14,5.0,4,0.003906,4096,0.990240,"[8, 9, 10, 11]",2026-06-21T19:38:45.563450+00:00,"{""0000"": 1339, ""1000"": 219, ""0100"": 607, ""0110"": 445, ""0010"": 1097, ""1100"": 99, ""1010"": 150, ""1110"": 90, ""0111"": 7, ""0011"": 14, ""1111"": 3, ""0001"": 18, ""1101"": 1, ""0101"": 4, ""1001"": 2, ""1011"": 1}"
j14_czne_mid,identity,EQE1,15,1.0,4,0.762695,4096,0.990240,"[8, 9, 10, 11]",2026-06-21T19:38:54.823645+00:00,"{""0000"": 3553, ""1000"": 209, ""1010"": 12, ""0100"": 60, ""0010"": 169, ""0110"": 14, ""0001"": 45, ""1100"": 10, ""0011"": 16, ""1110"": 3, ""0101"": 4, ""1001"": 1}"
j14_czne_mid,identity,EQE1,15,3.0,4,0.425293,4096,0.990240,"[8, 9, 10, 11]",2026-06-21T19:38:54.823645+00:00,"{""0010"": 656, ""0000"": 2760, ""1000"": 259, ""0001"": 31, ""1010"": 61, ""0110"": 51, ""0100"": 219, ""0011"": 16, ""1100"": 27, ""0101"": 2, ""1001"": 2, ""0111"": 5, ""1110"": 7}"
j14_czne_mid,identity,EQE1,15,5.0,4,0.072754,4096,0.990240,"[8, 9, 10, 11]",2026-06-21T19:38:54.823645+00:00,"{""1000"": 239, ""0010"": 1036, ""0000"": 1419, ""0110"": 486, ""0101"": 10, ""0100"": 515, ""1010"": 153, ""1100"": 116, ""1110"": 79, ""0001"": 24, ""1001"": 3, ""0011"": 9, ""0111"": 6, ""1111"": 1}"
j14_czne_mid,identity,EQE1,16,1.0,4,0.756836,4096,0.990240,"[8, 9, 10, 11]",2026-06-21T19:39:06.239583+00:00,"{""0000"": 3545, ""1000"": 191, ""0010"": 182, ""0100"": 65, ""0001"": 57, ""1100"": 13, ""1001"": 3, ""0110"": 15, ""0101"": 2, ""1010"": 12, ""0011"": 8, ""0111"": 1, ""1110"": 2}"
j14_czne_mid,identity,EQE1,16,3.0,4,0.439941,4096,0.990240,"[8, 9, 10, 11]",2026-06-21T19:39:06.239583+00:00,"{""0000"": 2775, ""1010"": 74, ""0100"": 192, ""0010"": 664, ""0001"": 43, ""1000"": 238, ""1110"": 8, ""0110"": 56, ""0111"": 2, ""0011"": 15, ""1100"": 22, ""1001"": 4, ""0101"": 3}"
j14_czne_mid,identity,EQE1,16,5.0,4,0.054199,4096,0.990240,"[8, 9, 10, 11]",2026-06-21T19:39:06.239583+00:00,"{""0110"": 503, ""0100"": 545, ""0010"": 1056, ""0000"": 1336, ""1000"": 216, ""1100"": 114, ""1010"": 167, ""0001"": 25, ""1110"": 83, ""0011"": 21, ""0111"": 10, ""1101"": 2, ""1001"": 4, ""0101"": 14}"
j14_czne_mid,identity,EQE1,17,1.0,4,0.756836,4096,0.990240,"[8, 9, 10, 11]",2026-06-21T19:39:15.287636+00:00,"{""0000"": 3547, ""0010"": 177, ""0001"": 52, ""1000"": 214, ""0011"": 11, ""1100"": 13, ""0100"": 49, ""0110"": 17, ""1001"": 4, ""1010"": 6, ""1110"": 5, ""0111"": 1}"
j14_czne_mid,identity,EQE1,17,3.0,4,0.430176,4096,0.990240,"[8, 9, 10, 11]",2026-06-21T19:39:15.287636+00:00,"{""0000"": 2754, ""0010"": 693, ""1000"": 237, ""0110"": 60, ""0100"": 192, ""1100"": 23, ""1010"": 72, ""1001"": 5, ""0011"": 9, ""0101"": 6, ""0001"": 35, ""1011"": 1, ""1110"": 7, ""0111"": 2}"
j14_czne_mid,identity,EQE1,17,5.0,4,0.059570,4096,0.990240,"[8, 9, 10, 11]",2026-06-21T19:39:15.287636+00:00,"{""0000"": 1379, ""0010"": 1027, ""0100"": 577, ""1110"": 65, ""1100"": 114, ""0110"": 500, ""1010"": 146, ""0101"": 7, ""1000"": 230, ""1001"": 5, ""0011"": 18, ""0001"": 17, ""0111"": 8, ""1111"": 1, ""1011"": 1, ""1101"": 1}"
j14_czne_mid,identity,EQE1,18,1.0,4,0.761230,4096,0.990240,"[8, 9, 10, 11]",2026-06-21T19:39:24.434545+00:00,"{""0000"": 3557, ""0010"": 183, ""1000"": 198, ""0001"": 53, ""0100"": 51, ""0110"": 12, ""0011"": 9, ""1010"": 14, ""1001"": 4, ""1100"": 9, ""1110"": 4, ""1111"": 1, ""0101"": 1}"
j14_czne_mid,identity,EQE1,18,3.0,4,0.444336,4096,0.990240,"[8, 9, 10, 11]",2026-06-21T19:39:24.434545+00:00,"{""1000"": 220, ""0000"": 2796, ""0010"": 696, ""0011"": 7, ""0100"": 173, ""1010"": 59, ""0110"": 65, ""0001"": 37, ""1100"": 26, ""1110"": 7, ""1101"": 1, ""1011"": 2, ""1001"": 4, ""0111"": 2, ""0101"": 1}"
j14_czne_mid,identity,EQE1,18,5.0,4,0.054199,4096,0.990240,"[8, 9, 10, 11]",2026-06-21T19:39:24.434545+00:00,"{""0110"": 457, ""1010"": 162, ""0010"": 1028, ""1110"": 92, ""0100"": 561, ""0000"": 1394, ""1000"": 215, ""1100"": 104, ""0001"": 24, ""0011"": 18, ""0111"": 9, ""1111"": 3, ""0101"": 18, ""1001"": 3, ""1011"": 5, ""1101"": 3}"
j14_czne_mid,identity,EQE1,19,1.0,4,0.768555,4096,0.990240,"[8, 9, 10, 11]",2026-06-21T19:39:33.768644+00:00,"{""0000"": 3558, ""0010"": 172, ""0110"": 15, ""1010"": 17, ""1000"": 188, ""0001"": 55, ""0100"": 55, ""1110"": 2, ""0011"": 14, ""1100"": 12, ""1011"": 2, ""0101"": 3, ""1001"": 3}"
j14_czne_mid,identity,EQE1,19,3.0,4,0.439941,4096,0.990240,"[8, 9, 10, 11]",2026-06-21T19:39:33.768644+00:00,"{""0000"": 2783, ""1000"": 239, ""0010"": 679, ""0110"": 74, ""0100"": 193, ""1100"": 26, ""1010"": 53, ""0001"": 28, ""1001"": 2, ""0011"": 8, ""0111"": 1, ""1110"": 5, ""0101"": 3, ""1101"": 1, ""1011"": 1}"
j14_czne_mid,identity,EQE1,19,5.0,4,0.035645,4096,0.990240,"[8, 9, 10, 11]",2026-06-21T19:39:33.768644+00:00,"{""0100"": 559, ""0010"": 1064, ""0110"": 496, ""0000"": 1351, ""1100"": 107, ""1000"": 246, ""0011"": 13, ""1010"": 143, ""1110"": 70, ""1011"": 4, ""1111"": 2, ""1001"": 2, ""0001"": 23, ""0111"": 8, ""0101"": 7, ""1101"": 1}"
j14_czne_mid,identity,EQE1,20,1.0,4,0.747559,4096,0.990240,"[8, 9, 10, 11]",2026-06-21T19:39:43.058158+00:00,"{""0001"": 48, ""0000"": 3527, ""1000"": 231, ""0011"": 17, ""0010"": 171, ""1010"": 6, ""1100"": 10, ""0100"": 65, ""0110"": 13, ""1001"": 6, ""1011"": 2}"
j14_czne_mid,identity,EQE1,20,3.0,4,0.443848,4096,0.990240,"[8, 9, 10, 11]",2026-06-21T19:39:43.058158+00:00,"{""1010"": 64, ""0000"": 2791, ""1000"": 255, ""0010"": 655, ""0011"": 12, ""0100"": 177, ""0110"": 68, ""1001"": 4, ""1110"": 6, ""0001"": 42, ""0101"": 2, ""1100"": 16, ""0111"": 4}"
j14_czne_mid,identity,EQE1,20,5.0,4,0.003418,4096,0.990240,"[8, 9, 10, 11]",2026-06-21T19:39:43.058158+00:00,"{""0000"": 1267, ""0110"": 495, ""0010"": 1117, ""0100"": 560, ""0111"": 6, ""1000"": 236, ""1010"": 143, ""1100"": 124, ""1110"": 81, ""0001"": 37, ""0101"": 7, ""1001"": 4, ""0011"": 15, ""1101"": 2, ""1011"": 2}"
j14_czne_mid,identity,EQE1,21,1.0,4,0.763672,4096,0.990240,"[8, 9, 10, 11]",2026-06-21T19:39:54.499702+00:00,"{""0000"": 3568, ""1000"": 206, ""0001"": 46, ""0010"": 174, ""0100"": 55, ""1010"": 8, ""0110"": 15, ""0011"": 7, ""1100"": 8, ""1101"": 1, ""1001"": 6, ""1110"": 2}"
j14_czne_mid,identity,EQE1,21,3.0,4,0.420898,4096,0.990240,"[8, 9, 10, 11]",2026-06-21T19:39:54.499702+00:00,"{""1000"": 266, ""0110"": 60, ""0000"": 2756, ""0010"": 679, ""1010"": 63, ""0001"": 37, ""0100"": 198, ""1100"": 17, ""1110"": 3, ""0011"": 7, ""1001"": 2, ""0101"": 4, ""1011"": 1, ""0111"": 2, ""1111"": 1}"
j14_czne_mid,identity,EQE1,21,5.0,4,0.028809,4096,0.990240,"[8, 9, 10, 11]",2026-06-21T19:39:54.499702+00:00,"{""0010"": 1049, ""1010"": 146, ""0000"": 1351, ""0100"": 617, ""1000"": 214, ""0110"": 489, ""0001"": 25, ""1110"": 71, ""0011"": 15, ""1100"": 83, ""0111"": 9, ""0101"": 11, ""1101"": 2, ""1111"": 5, ""1011"": 2, ""1001"": 7}"
j14_czne_mid,identity,EQE1,22,1.0,4,0.753906,4096,0.990240,"[8, 9, 10, 11]",2026-06-21T19:40:05.876661+00:00,"{""0000"": 3535, ""0001"": 40, ""1000"": 205, ""0010"": 197, ""1010"": 13, ""0100"": 56, ""1100"": 16, ""0011"": 9, ""1001"": 2, ""0110"": 15, ""0111"": 1, ""1110"": 2, ""0101"": 1, ""1101"": 2, ""1011"": 1, ""1111"": 1}"
j14_czne_mid,identity,EQE1,22,3.0,4,0.437012,4096,0.990240,"[8, 9, 10, 11]",2026-06-21T19:40:05.876661+00:00,"{""0000"": 2789, ""1000"": 241, ""0010"": 663, ""1010"": 45, ""0110"": 68, ""0100"": 193, ""0001"": 46, ""0011"": 12, ""0111"": 2, ""1011"": 2, ""1110"": 6, ""1100"": 20, ""1001"": 4, ""0101"": 5}"
j14_czne_mid,identity,EQE1,22,5.0,4,0.031250,4096,0.990240,"[8, 9, 10, 11]",2026-06-21T19:40:05.876661+00:00,"{""0110"": 497, ""0010"": 1084, ""0000"": 1372, ""0100"": 544, ""1010"": 122, ""1000"": 211, ""1110"": 98, ""1100"": 93, ""0111"": 9, ""1011"": 7, ""0001"": 29, ""0011"": 12, ""0101"": 11, ""1001"": 4, ""1101"": 2, ""1111"": 1}"
j14_czne_mid,identity,EQE1,23,1.0,4,0.758789,4096,0.990240,"[8, 9, 10, 11]",2026-06-21T19:40:15.409015+00:00,"{""0000"": 3565, ""1000"": 209, ""0010"": 154, ""0100"": 79, ""1010"": 12, ""0001"": 50, ""0110"": 8, ""1100"": 5, ""0011"": 11, ""1110"": 1, ""0101"": 1, ""1011"": 1}"
j14_czne_mid,identity,EQE1,23,3.0,4,0.437988,4096,0.990240,"[8, 9, 10, 11]",2026-06-21T19:40:15.409015+00:00,"{""0000"": 2778, ""0100"": 201, ""1000"": 245, ""0010"": 650, ""1110"": 2, ""1010"": 70, ""0101"": 3, ""0110"": 61, ""1100"": 17, ""0001"": 48, ""0111"": 2, ""0011"": 13, ""1001"": 3, ""1011"": 2, ""1101"": 1}"
j14_czne_mid,identity,EQE1,23,5.0,4,0.041504,4096,0.990240,"[8, 9, 10, 11]",2026-06-21T19:40:15.409015+00:00,"{""0010"": 1078, ""0100"": 573, ""0110"": 504, ""0000"": 1365, ""1000"": 207, ""1100"": 97, ""1010"": 138, ""0111"": 5, ""1110"": 76, ""0001"": 20, ""1111"": 2, ""0011"": 18, ""1001"": 4, ""1011"": 2, ""0101"": 5, ""1101"": 2}"
j14_czne_mid,identity,EQE1,24,1.0,4,0.769043,4096,0.990240,"[8, 9, 10, 11]",2026-06-21T19:40:24.801063+00:00,"{""0000"": 3574, ""1000"": 185, ""0100"": 67, ""0010"": 170, ""0110"": 15, ""0001"": 48, ""1010"": 7, ""1100"": 10, ""0011"": 13, ""1001"": 2, ""1110"": 2, ""1011"": 1, ""0101"": 2}"
j14_czne_mid,identity,EQE1,24,3.0,4,0.406738,4096,0.990240,"[8, 9, 10, 11]",2026-06-21T19:40:24.801063+00:00,"{""0001"": 39, ""0000"": 2722, ""1010"": 50, ""0110"": 66, ""1110"": 6, ""0010"": 711, ""0100"": 192, ""1000"": 265, ""1100"": 26, ""0011"": 11, ""1011"": 1, ""1001"": 3, ""0101"": 2, ""1111"": 1, ""1101"": 1}"
j14_czne_mid,identity,EQE1,24,5.0,4,0.037598,4096,0.990240,"[8, 9, 10, 11]",2026-06-21T19:40:24.801063+00:00,"{""0100"": 586, ""1000"": 210, ""0000"": 1332, ""0110"": 494, ""0010"": 1064, ""1100"": 118, ""1010"": 149, ""1110"": 84, ""0001"": 17, ""1011"": 3, ""0011"": 20, ""1101"": 2, ""1001"": 6, ""0101"": 3, ""0111"": 5, ""1111"": 3}"
j14_czne_mid,identity,EQE1,25,1.0,4,0.753418,4096,0.990240,"[8, 9, 10, 11]",2026-06-21T19:40:34.108929+00:00,"{""0000"": 3539, ""1000"": 220, ""0010"": 174, ""0110"": 25, ""0011"": 7, ""0001"": 58, ""0100"": 52, ""1010"": 8, ""1100"": 8, ""1001"": 3, ""1110"": 1, ""0101"": 1}"
j14_czne_mid,identity,EQE1,25,3.0,4,0.453613,4096,0.990240,"[8, 9, 10, 11]",2026-06-21T19:40:34.108929+00:00,"{""0000"": 2801, ""0100"": 174, ""0010"": 640, ""1010"": 71, ""1000"": 256, ""0001"": 41, ""0011"": 11, ""1100"": 18, ""0110"": 68, ""0101"": 6, ""1001"": 2, ""1110"": 6, ""1011"": 1, ""1101"": 1}"
j14_czne_mid,identity,EQE1,25,5.0,4,0.048828,4096,0.990240,"[8, 9, 10, 11]",2026-06-21T19:40:34.108929+00:00,"{""0000"": 1349, ""0010"": 1074, ""1111"": 3, ""1000"": 241, ""0110"": 489, ""1100"": 118, ""1010"": 157, ""0101"": 10, ""0100"": 545, ""1110"": 61, ""1001"": 5, ""1101"": 1, ""0001"": 16, ""0111"": 7, ""0011"": 17, ""1011"": 3}"
j14_czne_mid,identity,EQE1,26,1.0,4,0.771484,4096,0.990240,"[8, 9, 10, 11]",2026-06-21T19:40:43.375126+00:00,"{""0000"": 3592, ""1000"": 197, ""0010"": 174, ""1010"": 7, ""0001"": 42, ""0100"": 52, ""1110"": 2, ""0110"": 9, ""1100"": 10, ""0011"": 9, ""1001"": 1, ""1011"": 1}"
j14_czne_mid,identity,EQE1,26,3.0,4,0.424805,4096,0.990240,"[8, 9, 10, 11]",2026-06-21T19:40:43.375126+00:00,"{""0000"": 2750, ""0010"": 696, ""0100"": 192, ""1010"": 68, ""1000"": 241, ""0001"": 39, ""1100"": 28, ""0110"": 60, ""1001"": 3, ""1110"": 10, ""0011"": 8, ""0101"": 1}"
j14_czne_mid,identity,EQE1,26,5.0,4,0.076172,4096,0.990240,"[8, 9, 10, 11]",2026-06-21T19:40:43.375126+00:00,"{""0100"": 560, ""0010"": 1014, ""1010"": 168, ""0110"": 503, ""0000"": 1392, ""1110"": 72, ""0011"": 16, ""1000"": 212, ""0001"": 24, ""1100"": 115, ""0111"": 9, ""0101"": 5, ""1111"": 5, ""1101"": 1}"
j14_czne_mid,identity,EQE1,27,1.0,4,0.764160,4096,0.990240,"[8, 9, 10, 11]",2026-06-21T19:40:52.742647+00:00,"{""0000"": 3551, ""1110"": 2, ""0100"": 54, ""1100"": 8, ""0010"": 186, ""1000"": 200, ""0110"": 24, ""0001"": 39, ""1010"": 12, ""0011"": 14, ""1001"": 4, ""1011"": 1, ""1101"": 1}"
j14_czne_mid,identity,EQE1,27,3.0,4,0.438965,4096,0.990240,"[8, 9, 10, 11]",2026-06-21T19:40:52.742647+00:00,"{""0000"": 2773, ""0010"": 670, ""0100"": 206, ""1000"": 233, ""1100"": 36, ""1010"": 68, ""0001"": 34, ""0110"": 53, ""0011"": 10, ""1110"": 5, ""1011"": 1, ""0101"": 5, ""1001"": 2}"
j14_czne_mid,identity,EQE1,27,5.0,4,0.047852,4096,0.990240,"[8, 9, 10, 11]",2026-06-21T19:40:52.742647+00:00,"{""0000"": 1354, ""0110"": 507, ""0100"": 541, ""1110"": 92, ""0010"": 1056, ""0011"": 20, ""1000"": 234, ""1010"": 151, ""1100"": 105, ""0001"": 19, ""0101"": 7, ""0111"": 6, ""1011"": 2, ""1001"": 1, ""1111"": 1}"
j14_czne_mid,identity,EQE1,28,1.0,4,0.733398,4096,0.990240,"[8, 9, 10, 11]",2026-06-21T19:41:04.217307+00:00,"{""0000"": 3493, ""0001"": 48, ""1000"": 239, ""0010"": 185, ""0100"": 69, ""0011"": 11, ""1011"": 1, ""0110"": 21, ""1100"": 13, ""1010"": 7, ""1110"": 4, ""1001"": 4, ""0101"": 1}"
j14_czne_mid,identity,EQE1,28,3.0,4,0.437012,4096,0.990240,"[8, 9, 10, 11]",2026-06-21T19:41:04.217307+00:00,"{""0000"": 2770, ""0010"": 651, ""0100"": 209, ""1000"": 242, ""1010"": 58, ""0001"": 43, ""0110"": 61, ""0101"": 3, ""0011"": 15, ""1100"": 31, ""0111"": 1, ""1110"": 7, ""1001"": 5}"
j14_czne_mid,identity,EQE1,28,5.0,4,0.021484,4096,0.990240,"[8, 9, 10, 11]",2026-06-21T19:41:04.217307+00:00,"{""1100"": 91, ""1000"": 224, ""0010"": 1094, ""0000"": 1319, ""0110"": 509, ""0100"": 568, ""1110"": 84, ""1010"": 146, ""0011"": 14, ""1011"": 3, ""0001"": 27, ""1001"": 2, ""0101"": 9, ""1111"": 2, ""0111"": 2, ""1101"": 2}"
j14_czne_mid,identity,EQE1,29,1.0,4,0.767578,4096,0.990240,"[8, 9, 10, 11]",2026-06-21T19:41:15.911929+00:00,"{""0000"": 3573, ""1000"": 199, ""0010"": 173, ""0001"": 40, ""0100"": 61, ""0110"": 14, ""1100"": 11, ""1110"": 3, ""1010"": 7, ""0011"": 13, ""1001"": 2}"
j14_czne_mid,identity,EQE1,29,3.0,4,0.404297,4096,0.990240,"[8, 9, 10, 11]",2026-06-21T19:41:15.911929+00:00,"{""0010"": 669, ""0000"": 2719, ""0100"": 242, ""0110"": 62, ""0001"": 54, ""1000"": 247, ""1010"": 62, ""0101"": 3, ""1100"": 16, ""0011"": 9, ""1110"": 6, ""1001"": 5, ""0111"": 1, ""1011"": 1}"
j14_czne_mid,identity,EQE1,29,5.0,4,0.022949,4096,0.990240,"[8, 9, 10, 11]",2026-06-21T19:41:15.911929+00:00,"{""0100"": 601, ""0010"": 1065, ""0000"": 1326, ""0110"": 472, ""1000"": 218, ""1110"": 77, ""1100"": 98, ""1010"": 162, ""0101"": 15, ""1001"": 3, ""0111"": 12, ""1011"": 3, ""0011"": 18, ""0001"": 24, ""1111"": 1, ""1101"": 1}"
