circuit,backend,p_2q,E_noisy,E_genuine_rich,E_garbage_rich,E_analytical,neg_genuine_frac,neg_genuine_L1,neg_genuine_n,neg_genuine_Pmin,neg_garbage_frac,neg_garbage_L1,neg_garbage_n,neg_garbage_Pmin
grover,aer_simulator,0.000050,0.951189,0.996378,1.755886,1.769807,0.0000,0.000000,0,0.000027,0.7063,0.852174,45,-0.076519
grover,aer_simulator,0.000072,0.931966,0.995940,1.720166,1.733765,0.0000,0.000000,0,0.000017,0.7000,0.820721,45,-0.074711
grover,aer_simulator,0.000103,0.905019,0.994714,1.670090,1.683239,0.0000,0.000000,0,0.000007,0.6844,0.776951,44,-0.072176
grover,aer_simulator,0.000149,0.867669,0.991426,1.600679,1.613207,0.0000,0.000000,0,0.000003,0.6594,0.717833,42,-0.068660
grover,aer_simulator,0.000214,0.816729,0.983055,1.506009,1.517696,0.0156,0.000003,1,-0.000003,0.6312,0.640828,40,-0.063863
grover,aer_simulator,0.000308,0.748852,0.963154,1.379850,1.390426,0.0156,0.000004,1,-0.000004,0.5969,0.544230,38,-0.057464
grover,aer_simulator,0.000443,0.661365,0.919992,1.217225,1.226387,0.0000,0.000000,0,0.000082,0.5500,0.426741,35,-0.049202
grover,aer_simulator,0.000637,0.553839,0.837127,1.017319,1.024777,0.0000,0.000000,0,0.000452,0.4562,0.295813,29,-0.039016
grover,aer_simulator,0.000916,0.430348,0.701281,0.787677,0.793231,0.0000,0.000000,0,0.001293,0.3281,0.165055,21,-0.027249
grover,aer_simulator,0.001318,0.301526,0.518341,0.548044,0.551689,0.0000,0.000000,0,0.002749,0.2094,0.054376,13,-0.014894
grover,aer_simulator,0.001896,0.184173,0.323340,0.329649,0.331652,0.0000,0.000000,0,0.004913,0.0312,0.004452,2,-0.003581
grover,aer_simulator,0.002728,0.095655,0.164302,0.164820,0.165681,0.0000,0.000000,0,0.007825,0.0000,0.000000,0,0.004921
grover,aer_simulator,0.003924,0.044058,0.068781,0.068669,0.068937,0.0000,0.000000,0,0.010948,0.0000,0.000000,0,0.010500
grover,aer_simulator,0.005644,0.022642,0.028771,0.028725,0.028782,0.0000,0.000000,0,0.013480,0.0000,0.000000,0,0.013423
grover,aer_simulator,0.008119,0.016782,0.017794,0.017786,0.017794,0.0000,0.000000,0,0.014943,0.0000,0.000000,0,0.014929
grover,aer_simulator,0.011679,0.015755,0.015868,0.015867,0.015868,0.0000,0.000000,0,0.015493,0.0000,0.000000,0,0.015491
grover,aer_simulator,0.016799,0.015634,0.015642,0.015642,0.015642,0.0000,0.000000,0,0.015612,0.0000,0.000000,0,0.015612
grover,aer_simulator,0.024165,0.015625,0.015626,0.015626,0.015626,0.0000,0.000000,0,0.015624,0.0000,0.000000,0,0.015624
grover,aer_simulator,0.034760,0.015625,0.015625,0.015625,0.015625,0.0000,0.000000,0,0.015625,0.0000,0.000000,0,0.015625
grover,aer_simulator,0.050000,0.015625,0.015625,0.015625,0.015625,0.0000,0.000000,0,0.015625,0.0000,0.000000,0,0.015625
qft_mirror,aer_simulator,0.000050,0.997436,1.000000,1.871942,1.856521,0.6094,0.000000,39,-0.000000,0.7531,0.948481,48,-0.090343
qft_mirror,aer_simulator,0.000072,0.996314,1.000000,1.869763,1.854417,0.6094,0.000000,39,-0.000000,0.7531,0.945426,48,-0.090012
qft_mirror,aer_simulator,0.000103,0.994702,1.000000,1.866635,1.851395,0.6094,0.000000,39,-0.000000,0.7531,0.941116,48,-0.089537
qft_mirror,aer_simulator,0.000149,0.992389,0.999999,1.862146,1.847058,0.6094,0.000001,39,-0.000000,0.7594,0.934993,49,-0.088860
qft_mirror,aer_simulator,0.000214,0.989072,0.999996,1.855710,1.840837,0.6094,0.000002,39,-0.000000,0.7562,0.926401,48,-0.087896
qft_mirror,aer_simulator,0.000308,0.984320,0.999988,1.846496,1.831928,0.6094,0.000005,39,-0.000000,0.7562,0.914449,48,-0.086530
qft_mirror,aer_simulator,0.000443,0.977528,0.999966,1.833334,1.819193,0.6250,0.000015,40,-0.000001,0.7625,0.897767,49,-0.084609
qft_mirror,aer_simulator,0.000637,0.967844,0.999902,1.814588,1.801036,0.6250,0.000044,40,-0.000003,0.7656,0.874722,49,-0.081931
qft_mirror,aer_simulator,0.000916,0.954094,0.999720,1.788004,1.775254,0.6094,0.000123,39,-0.000009,0.8000,0.843693,51,-0.078249
qft_mirror,aer_simulator,0.001318,0.934678,0.999208,1.750532,1.738849,0.6406,0.000341,41,-0.000025,0.8156,0.802967,52,-0.073287
qft_mirror,aer_simulator,0.001896,0.907482,0.997811,1.698171,1.687857,0.6406,0.000914,41,-0.000065,0.8281,0.753773,53,-0.066784
qft_mirror,aer_simulator,0.002728,0.869831,0.994132,1.625899,1.617262,0.6719,0.002338,43,-0.000163,0.8187,0.699843,52,-0.058594
qft_mirror,aer_simulator,0.003924,0.818567,0.984922,1.527858,1.521141,0.7031,0.005617,45,-0.000379,0.8187,0.642883,52,-0.048844
qft_mirror,aer_simulator,0.005644,0.750414,0.963427,1.398065,1.393354,0.6875,0.012469,44,-0.000787,0.7937,0.581740,51,-0.038422
qft_mirror,aer_simulator,0.008119,0.662846,0.917813,1.232028,1.229164,0.6719,0.024705,43,-0.001376,0.7594,0.511575,49,-0.028323
qft_mirror,aer_simulator,0.011679,0.555665,0.832431,1.029629,1.028200,0.6094,0.042473,39,-0.001807,0.6937,0.429714,44,-0.019621
qft_mirror,aer_simulator,0.016799,0.433199,0.696236,0.799116,0.798576,0.5469,0.060547,35,-0.002190,0.6125,0.338705,39,-0.013550
qft_mirror,aer_simulator,0.024165,0.306146,0.517395,0.560490,0.560352,0.5156,0.064480,33,-0.002912,0.5312,0.237471,34,-0.011359
qft_mirror,aer_simulator,0.034760,0.190817,0.329829,0.344131,0.344111,0.3125,0.041096,20,-0.003993,0.4375,0.116941,28,-0.009036
qft_mirror,aer_simulator,0.050000,0.103377,0.176474,0.180162,0.180161,0.1250,0.014742,8,-0.002975,0.1562,0.030075,10,-0.004957
